Bin Id	Bin size (Mbp)	TRE3326A10-45241226.sorted: mapped reads	TRE3326A10-45241226.sorted: % mapped reads	TRE3326A10-45241226.sorted: % binned populations	TRE3326A10-45241226.sorted: % community	TRE3326A11-45241228.sorted: mapped reads	TRE3326A11-45241228.sorted: % mapped reads	TRE3326A11-45241228.sorted: % binned populations	TRE3326A11-45241228.sorted: % community	TRE3326A12-45238228.sorted: mapped reads	TRE3326A12-45238228.sorted: % mapped reads	TRE3326A12-45238228.sorted: % binned populations	TRE3326A12-45238228.sorted: % community	TRE3326A13-45249221.sorted: mapped reads	TRE3326A13-45249221.sorted: % mapped reads	TRE3326A13-45249221.sorted: % binned populations	TRE3326A13-45249221.sorted: % community	TRE3326A14-45252219.sorted: mapped reads	TRE3326A14-45252219.sorted: % mapped reads	TRE3326A14-45252219.sorted: % binned populations	TRE3326A14-45252219.sorted: % community	TRE3326A15-45241232.sorted: mapped reads	TRE3326A15-45241232.sorted: % mapped reads	TRE3326A15-45241232.sorted: % binned populations	TRE3326A15-45241232.sorted: % community	TRE3326A16-45245241.sorted: mapped reads	TRE3326A16-45245241.sorted: % mapped reads	TRE3326A16-45245241.sorted: % binned populations	TRE3326A16-45245241.sorted: % community	TRE3326A17-45241234.sorted: mapped reads	TRE3326A17-45241234.sorted: % mapped reads	TRE3326A17-45241234.sorted: % binned populations	TRE3326A17-45241234.sorted: % community	TRE3326A18-45238232.sorted: mapped reads	TRE3326A18-45238232.sorted: % mapped reads	TRE3326A18-45238232.sorted: % binned populations	TRE3326A18-45238232.sorted: % community
bin_10_operams.fasta	2.671422	101309	0.8139048553426701	0.7546055929391469	0.7546055929391469	157465	1.1500052656386914	1.097229892207778	1.097229892207778	96783	0.5816260891178837	0.5434499212310411	0.5434499212310411	74645	0.5029820105008656	0.4726429452264741	0.4726429452264741	96298	0.712780659512707	0.6666263631800052	0.6666263631800052	37075	0.23275262260256166	0.21545843199544276	0.21545843199544276	10483	0.08343321097046044	0.06725706218812093	0.06725706218812093	10733	0.08135937854260664	0.07509109301072835	0.07509109301072835	10143	0.07042993856354034	0.05820654507231905	0.05820654507231905
bin_10_unicycler.fasta	2.418627	337674	2.712834083082261	2.7780701948161894	2.7780701948161894	394076	2.8780330553572724	3.0329634797305456	3.0329634797305456	478219	2.873899824471913	2.965929875773848	2.965929875773848	334602	2.2546558601059763	2.340100942392305	2.340100942392305	280371	2.0752562492288225	2.1437390025834437	2.1437390025834437	68320	0.428905169958382	0.43853452916908525	0.43853452916908525	324289	2.58098564842122	2.298042871165869	2.298042871165869	258122	1.9566426449431389	1.9946464089759197	1.9946464089759197	178092	1.2366172353995883	1.1288166562332627	1.1288166562332627
bin_11_operams.fasta	2.309575	44239	0.35541103846158173	0.3811428007182474	0.3811428007182474	35029	0.25582532277050596	0.2823265758424832	0.2823265758424832	18809	0.1130343666782211	0.12216212680047896	0.12216212680047896	47908	0.32281950779121793	0.3508737890078255	0.3508737890078255	25430	0.1882283346633174	0.20362073739108077	0.20362073739108077	20532	0.12889755488269175	0.13801427842130162	0.13801427842130162	2045	0.016275962647580997	0.015175955629933936	0.015175955629933936	1065	0.00807302134984404	0.008618413609028867	0.008618413609028867	965	0.006700669497566442	0.006405354022474906	0.006405354022474906
bin_12_metaspades.fasta	2.839229	30520	0.2451941701631473	0.21389399714484042	0.21389399714484042	14	0.00010224541148154623	9.17875345791731e-05	9.17875345791731e-05	5	3.0047946907922033e-05	2.6416332995975953e-05	2.6416332995975953e-05	29844	0.2010984676989461	0.17779992145705226	0.17779992145705226	7	5.1812754331231686e-05	4.5593752072630506e-05	4.5593752072630506e-05	17632	0.11069168554897822	0.0964108669903059	0.0964108669903059	42961	0.34192255809424316	0.2593395573563743	0.2593395573563743	3	2.2740905210828277e-05	1.9748341431128993e-05	1.9748341431128993e-05	15093	0.10480124842152364	0.08149351389353873	0.08149351389353873
bin_12_operams.fasta	2.520188	44315	0.35602161372148994	0.3498906230798278	0.3498906230798278	42529	0.31059965034990566	0.31412921078952744	0.31412921078952744	62349	0.3746918883524062	0.3711073034958819	0.3711073034958819	66006	0.44476965081546155	0.44302214089115943	0.44302214089115943	41620	0.308063833609409	0.30540549872608425	0.30540549872608425	10849	0.06810878496601999	0.06683156071610573	0.06683156071610573	13903	0.11065266928573037	0.09455192803830158	0.09455192803830158	14675	0.111240927989635	0.10883158778857847	0.10883158778857847	16756	0.11634861979401379	0.10192607650504236	0.10192607650504236
bin_13_metaspades.fasta	2.51195	38730	0.3111523660032338	0.3067969203467595	0.3067969203467595	35097	0.2563219433405592	0.26008487475753644	0.26008487475753644	17590	0.10570867722206971	0.10504074597117632	0.10504074597117632	36589	0.24654844640921922	0.24638513669894505	0.24638513669894505	25121	0.18594117165069587	0.18494119031379036	0.18494119031379036	745	0.004677025052971233	0.00460436893992777	0.00460436893992777	1196	0.00951885150440434	0.008160466658936948	0.008160466658936948	973	0.0073756335900453055	0.007239551208350424	0.007239551208350424	274	0.001902573515371197	0.00167219710365153	0.00167219710365153
bin_13_unicycler.fasta	3.638397	708349	5.690794405009673	3.8739292922910793	3.8739292922910793	839861	6.133709538021636	4.296881939311035	4.296881939311035	1338472	8.043667118748044	5.51825993670382	5.51825993670382	602490	4.059771337754256	2.8010103513541065	2.8010103513541065	731708	5.415972406599553	3.71907925973205	3.71907925973205	995939	6.2523914821894175	4.249594465759161	4.249594465759161	759861	6.04766222657875	3.5794712255939207	3.5794712255939207	344673	2.612725340577272	1.7705450196257262	1.7705450196257262	294981	2.0482592632763175	1.24288759457261	1.24288759457261
bin_14_operams.fasta	2.786451	341	0.002739554784588245	0.0024351036858708407	0.0024351036858708407	293	0.0021398503974352175	0.0019573671771674923	0.0019573671771674923	495	0.0029747467438842813	0.002664751633123048	0.002664751633123048	255	0.0017182719897879388	0.0015479742276927032	0.0015479742276927032	312	0.0023093684787634694	0.002070670037071112	0.002070670037071112	22493	0.14120848928386837	0.12532012123109149	0.12532012123109149	56180	0.44713133571691954	0.3455613246906251	0.3455613246906251	44453	0.3369671531123165	0.29816692049637955	0.29816692049637955	68153	0.4732339153032598	0.37495699666869564	0.37495699666869564
bin_15_metaspades.fasta	2.312729	825284	6.630236747343475	7.100569271321544	7.100569271321544	2048333	14.95947503115929	16.48663059384855	16.48663059384855	2525631	15.178005239400408	16.381290114949486	16.381290114949486	297059	2.0016790549584917	2.1726657806073097	2.1726657806073097	1356812	10.042880975666732	10.849323159162127	10.849323159162127	1296425	8.138808327917086	8.70256918418817	8.70256918418817	1024408	8.153166916324281	7.591769626402122	7.591769626402122	273419	2.0725985206131523	2.209600396316922	2.209600396316922	388950	2.7007517109621424	2.57820190099047	2.57820190099047
bin_15_operams.fasta	3.69828	214223	1.7210429460963275	1.1526057914958694	1.1526057914958694	185888	1.3575853606772619	0.9356375807509899	0.9356375807509899	284022	1.7068555953363664	1.1520070605637207	1.1520070605637207	235331	1.5857359436422958	1.076351962816002	1.076351962816002	181267	1.3417060770513392	0.9064141441136385	0.9064141441136385	405004	2.542568932286659	1.7001387149579046	1.7001387149579046	370975	2.952555131142475	1.719252483195272	1.719252483195272	131566	0.9973099783226111	0.664895933592073	0.664895933592073	179265	1.244762194281086	0.7430937545221975	0.7430937545221975
bin_16_metaspades.fasta	1.114971	177797	1.4284006511303116	3.173038535494884	3.173038535494884	129882	0.9485598952890134	2.1684104284901964	2.1684104284901964	115551	0.6944140626314598	1.5545800320605798	1.5545800320605798	199936	1.3472330531382015	3.033209330348325	3.033209330348325	117074	0.8665609143678026	1.9418004651152492	1.9418004651152492	1026403	6.443641000597091	14.291544781844465	14.291544781844465	1795086	14.286920628457498	27.594116519272788	27.594116519272788	581781	4.410075524820296	9.752270903749075	9.752270903749075	1446374	10.04318564131934	19.886801061686732	19.886801061686732
bin_18_operams.fasta	4.061717	94079	0.7558198668014003	0.4608902503996266	0.4608902503996266	58674	0.42851051951916025	0.2689008204155438	0.2689008204155438	74437	0.44733580479699847	0.27490469016676317	0.27490469016676317	59370	0.4000541491518037	0.24724774764343208	0.24724774764343208	63502	0.47003050364883925	0.28912487534823134	0.28912487534823134	79013	0.4960346047119678	0.30200471569100706	0.30200471569100706	65563	0.5218097501532288	0.276658464743362	0.276658464743362	133023	1.0083544779533367	0.6121063319326625	0.6121063319326625	89602	0.6221693143222262	0.3381862434181507	0.3381862434181507
bin_19_operams.fasta	1.477354	8030	0.06451209654030383	0.10815471626401851	0.10815471626401851	7884	0.05757877315146504	0.09933862276957457	0.09933862276957457	11751	0.07061868482299835	0.11931449360542423	0.11931449360542423	7980	0.053771805798069616	0.09136782247480747	0.09136782247480747	6677	0.04942196580994771	0.08358041427168852	0.08358041427168852	808	0.005072531869531216	0.008490858859726896	0.008490858859726896	698	0.00555531634621591	0.00809777407444534	0.00809777407444534	797	0.00604150048434338	0.010082855511373908	0.010082855511373908	488	0.003388525093069869	0.00506387695337153	0.00506387695337153
bin_19_unicycler.fasta	2.141589	986799	7.927829682923447	9.168685217552888	9.168685217552888	96048	0.7014619487128252	0.834849689424438	0.834849689424438	107943	0.6486931066163656	0.7560687794196771	0.7560687794196771	428449	2.887027120598638	3.384059277004529	3.384059277004529	56324	0.41690022499318474	0.486368094718266	0.486368094718266	7765	0.048747784612512245	0.056289859675466514	0.056289859675466514	29559	0.23525730068452164	0.23656386966993634	0.23656386966993634	10290	0.078001304873141	0.08980262714626797	0.08980262714626797	4176	0.028996886862007732	0.02989318963156421	0.02989318963156421
bin_1_metaspades.fasta	1.793241	4104	0.03297106403504445	0.045538967707508725	0.045538967707508725	4	2.9212974709013206e-05	4.1521919572389736e-05	4.1521919572389736e-05	215	0.0012920617170406475	0.0017984681394083493	0.0017984681394083493	3425	0.023078751235387024	0.03230701785519511	0.03230701785519511	1	7.401822047318812e-06	1.0312620963417844e-05	1.0312620963417844e-05	431	0.002705768856148458	0.0037313281429776435	0.0037313281429776435	3146	0.025038718087672288	0.030068714679344574	0.030068714679344574	13297	0.10079527219612788	0.138587737124753	0.138587737124753	84619	0.587568862398523	0.7233976997310076	0.7233976997310076
bin_20_operams.fasta	2.046952	44026	0.3536998209568389	0.4279726933313376	0.4279726933313376	36431	0.26606447040601505	0.33129854232403116	0.33129854232403116	76730	0.4611157932489715	0.562290165677141	0.562290165677141	11799	0.07950545571571722	0.09750176962388284	0.09750176962388284	7688	0.056905207899787036	0.06945658581003179	0.06945658581003179	1850	0.011614089057713798	0.014031008994919427	0.014031008994919427	32102	0.25549679849029105	0.26879379394852077	0.26879379394852077	26360	0.19981675378581112	0.24068417806113268	0.24068417806113268	25409	0.1764324469053531	0.1902951891689496	0.1902951891689496
bin_21_operams.fasta	2.040623	42314	0.33994580983890615	0.41260624203158036	0.41260624203158036	16014	0.11695414424753439	0.1460807998996692	0.1460807998996692	23383	0.14052222850958818	0.17188595871283383	0.17188595871283383	49486	0.33345257916331744	0.41019893570637556	0.41019893570637556	13375	0.0989993698828891	0.12121007751122205	0.12121007751122205	8029	0.05040514651047789	0.06108344380656812	0.06108344380656812	4591	0.03653933717117084	0.038560203847642846	0.038560203847642846	891	0.0067540488476159986	0.008160649427586278	0.008160649427586278	5964	0.04141222060464897	0.044804615233920986	0.044804615233920986
bin_22_metaspades.fasta	2.271934	9781	0.07857942917318951	0.0856647274370502	0.0856647274370502	9411	0.06873082624663084	0.07710741679862898	0.07710741679862898	13345	0.0801979702972439	0.08811012465703454	0.08811012465703454	29960	0.20188011299626138	0.22305966922587123	0.22305966922587123	13011	0.09630510665766506	0.10590651605187675	0.10590651605187675	7288	0.045753233001415226	0.04980093384025518	0.04980093384025518	8123	0.06465019295173616	0.06127954725597108	0.06127954725597108	3791	0.028736923884750003	0.03118658838105636	0.03118658838105636	5732	0.039801282445648546	0.038677497386586344	0.038677497386586344
bin_23_metaspades.fasta	1.763356	3	2.410165499637752e-05	3.3852889546803636e-05	3.3852889546803636e-05	1352	0.009873985451646465	0.014272261130853989	0.014272261130853989	82	0.0004927863292899213	0.0006975523416369932	0.0006975523416369932	180	0.0012128978751444275	0.001726662515605028	0.001726662515605028	7518	0.05564689815174283	0.07884425194519763	0.07884425194519763	86364	0.5421833445299429	0.7603570591343766	0.7603570591343766	645518	5.137617044665619	6.2742694069678375	6.2742694069678375	634274	4.807988303897632	6.722746017426852	6.722746017426852	950693	6.601325996528429	8.26510149269275	8.26510149269275
bin_24_operams.fasta	2.029791	11766	0.09452669089579263	0.11534320396464352	0.11534320396464352	12934	0.09446015372159422	0.11861445711908794	0.11861445711908794	18078	0.1086413568402829	0.1335986310260325	0.1335986310260325	15625	0.10528627388406489	0.13020979621602066	0.13020979621602066	10948	0.08103514777404636	0.0997450108182335	0.0997450108182335	1225	0.007690410321999678	0.009369352953648172	0.009369352953648172	11495	0.0914876237818795	0.09706272029084505	0.09706272029084505	3659	0.027736324055473556	0.033691541486009016	0.033691541486009016	2367	0.016435735441181105	0.017877007816318072	0.017877007816318072
bin_24_unicycler.fasta	1.902186	404758	3.251779224341258	4.234059431792006	4.234059431792006	483568	3.531614938522025	4.732173555245976	4.732173555245976	592179	3.5587526303972723	4.669850418531371	4.669850418531371	268542	1.8095223399279714	2.387999292695459	2.387999292695459	305686	2.2626333743566986	2.971873255542597	2.971873255542597	20428	0.12824465474106891	0.1667238389274264	0.1667238389274264	26915	0.21421395337879834	0.24251366158647264	0.24251366158647264	65756	0.4984503210144081	0.6460887821008079	0.6460887821008079	25318	0.17580057029988308	0.20404422576049686	0.20404422576049686
bin_25_metaspades.fasta	3.082961	99587	0.8000705053747494	0.6427603939376001	0.6427603939376001	87685	0.6403849218399559	0.5294358759305439	0.5294358759305439	191130	1.1486128185022277	0.92995894772311	0.92995894772311	92153	0.6209565438232468	0.5056108708837864	0.5056108708837864	50196	0.3715418594872151	0.3010986409947822	0.3010986409947822	4303	0.027013743359644578	0.021668465089190486	0.021668465089190486	15036	0.11967010971590607	0.08359091745041711	0.08359091745041711	5495	0.041653758044500465	0.033312671378147	0.033312671378147	2831	0.019657611759181966	0.014077311903224804	0.014077311903224804
bin_25_operams.fasta	1.817962	38869	0.31226907601806597	0.4254348431421532	0.4254348431421532	36375	0.2656554887600889	0.372455414627587	0.372455414627587	47914	0.2879434656292353	0.395348937409073	0.395348937409073	35725	0.24072653660852597	0.3324010538932895	0.3324010538932895	32620	0.24144743518353964	0.3318232946904003	0.3318232946904003	36949	0.23196160896944168	0.31553149946793546	0.31553149946793546	72440	0.5765431463035537	0.6829492716181826	0.6829492716181826	97709	0.7406637024149401	1.0045222531962086	1.0045222531962086	82650	0.5738967191439031	0.6969569471357023	0.6969569471357023
bin_25_unicycler.fasta	1.896076	50837	0.40841861168361465	0.5335052067977437	0.5335052067977437	108433	0.7919126216556074	1.064539605784768	1.064539605784768	165673	0.9956267016152334	1.310686855031972	1.310686855031972	34538	0.23272814895410132	0.30811752439652573	0.30811752439652573	84999	0.6291474722000516	0.8290214943680543	0.8290214943680543	54064	0.3394076274682372	0.44266712174447437	0.44266712174447437	128070	1.0192970837533977	1.157674518337315	1.157674518337315	123349	0.9350226389501525	1.2158771213966733	1.2158771213966733	108992	0.7568076371800638	0.8812249311849766	0.8812249311849766
bin_26_metaspades.fasta	2.765977	117079	0.9405992217736279	0.8422575821900917	0.8422575821900917	139851	1.0213659315075516	0.9411808954078282	0.9411808954078282	31467	0.18910374907031652	0.17065134836125392	0.17065134836125392	320217	2.157725104917351	1.958261906072129	1.958261906072129	208059	1.5400156933431048	1.3910593441353898	1.3910593441353898	112713	0.7075993621416732	0.6326307216423342	0.6326307216423342	57015	0.4537770221769343	0.35329327434482727	0.35329327434482727	4349	0.032966732253964064	0.029386687717886013	0.029386687717886013	5717	0.039697126961230414	0.03168600762348377	0.03168600762348377
bin_26_operams.fasta	1.985946	296	0.002378029959642582	0.0029657788590944003	0.0029657788590944003	933	0.006813926350877332	0.008745211148909094	0.008745211148909094	470	0.0028245070093446713	0.0035500410178767147	0.0035500410178767147	966	0.006509218596608428	0.008227817436553703	0.008227817436553703	1165	0.008623122685126416	0.010848412876964097	0.010848412876964097	1803	0.011319028416788097	0.014094611992328325	0.014094611992328325	315114	2.507962686420459	2.719537607378789	2.719537607378789	20601	0.1561617960827578	0.19387895107971206	0.19387895107971206	94044	0.6530132251079155	0.7259580945509939	0.7259580945509939
bin_2_unicycler.fasta	3.417885	985823	7.919988611164626	5.739261189880438	5.739261189880438	576449	4.209947514508989	3.139493118169259	3.139493118169259	359036	2.157658933206539	1.5757361521325257	1.5757361521325257	1121299	7.555673191675397	5.549309463941568	5.549309463941568	490250	3.628743258698048	2.6525762191887234	2.6525762191887234	427907	2.6863513548211557	1.9436442520961716	1.9436442520961716	827427	6.585413665330074	4.149225591994433	4.149225591994433	1319676	10.003542275001672	7.2163845354986575	7.2163845354986575	757706	5.261282365101636	3.3985305231425635	3.3985305231425635
bin_31_metaspades.fasta	3.159952	11195	0.08993934256148212	0.07049496538735064	0.07049496538735064	24627	0.1798569820397171	0.1450731750671354	0.1450731750671354	277076	1.665112987491881	1.3152895574178227	1.3152895574178227	6523	0.04395407133092834	0.03491739602179413	0.03491739602179413	25022	0.1852083912680113	0.14643646946236802	0.14643646946236802	39526	0.24813972113253815	0.19419015753346996	0.19419015753346996	63419	0.5047458558175743	0.34398040991700807	0.34398040991700807	102645	0.7780800717884896	0.6071096109249666	0.6071096109249666	103510	0.7187422794747175	0.5021687898822265	0.5021687898822265
bin_32_metaspades.fasta	2.591011	34402	0.2763817117284598	0.2641976340948577	0.2641976340948577	13340	0.09742527065455905	0.09583908621023442	0.09583908621023442	21420	0.128725404553538	0.12400898652249008	0.12400898652249008	32074	0.21612492470767983	0.20939139190596345	0.20939139190596345	14361	0.10629756642154546	0.10249982903354563	0.10249982903354563	30667	0.19252392926103193	0.1837497978032241	0.1837497978032241	16298	0.12971424901235948	0.10781020264717714	0.10781020264717714	13379	0.10141685693855719	0.09650819469707989	0.09650819469707989	15737	0.10927299055254207	0.09311091247309058	0.09311091247309058
bin_34_metaspades.fasta	4.732446	95438	0.7667379165147593	0.4012824366986927	0.4012824366986927	97424	0.7115112120127258	0.3832096006325073	0.3832096006325073	67198	0.4038323872637089	0.21299706974644683	0.21299706974644683	111288	0.749894326272628	0.39777512989388	0.39777512989388	73120	0.5412212280999515	0.28573157242341374	0.28573157242341374	12156	0.07631398193814537	0.0398776775854349	0.0398776775854349	44878	0.35717978078148654	0.1625334046501789	0.1625334046501789	20919	0.1585723320351056	0.08261616807300604	0.08261616807300604	33750	0.23434983994079522	0.10932915832760025	0.10932915832760025
bin_34_operams.fasta	2.372433	250	0.0020084712496981267	0.0020968170614896696	0.0020968170614896696	196	0.0014314357607416474	0.001537864976679921	0.001537864976679921	260	0.0015624932392119457	0.0016439262871589019	0.0016439262871589019	164	0.001105084730687145	0.0011692970323110494	0.0011692970323110494	156	0.0011546842393817347	0.0012160133912036371	0.0012160133912036371	41376	0.25975381019025195	0.270756804766403	0.270756804766403	10375	0.0825736491289256	0.07495298869643656	0.07495298869643656	1306	0.009899874068447244	0.010288664728469437	0.010288664728469437	90429	0.6279117533631459	0.5843346857905919	0.5843346857905919
bin_35_metaspades.fasta	2.010593	1540	0.01237218289814046	0.01524091510738837	0.01524091510738837	9138	0.06673704072274067	0.08460247707600214	0.08460247707600214	5990	0.0359974403956906	0.04468951121463495	0.04468951121463495	1113	0.00749975186130971	0.009363666857221878	0.009363666857221878	9831	0.07276731254719125	0.09042348590758675	0.09042348590758675	314732	1.975851609358043	2.4301974944294944	2.4301974944294944	39377	0.3133978392047907	0.3356705692768015	0.3356705692768015	208482	1.5803564667213004	1.9380018762089914	1.9380018762089914	379436	2.6346893590452023	2.893092115940852	2.893092115940852
bin_36_metaspades.fasta	1.491031	4955	0.03980790016901688	0.06612588161770415	0.06612588161770415	4307	0.03145507051792998	0.05377052665847523	0.05377052665847523	7229	0.043443321639473675	0.07272680357373498	0.07272680357373498	4124	0.027788837983864553	0.0467850329183871	0.0467850329183871	4250	0.03145774370110495	0.05271205803132638	0.05271205803132638	183382	1.1512512862603632	1.9093909746353572	1.9093909746353572	154405	1.2288948716869164	1.7748820302347534	1.7748820302347534	85639	0.649169460450041	1.0734818579937375	1.0734818579937375	359170	2.493968355897346	3.692846674963599	3.692846674963599
bin_37_operams.fasta	3.092527	2541666	20.419452349340954	16.353829618797214	16.353829618797214	3988752	29.130827824131465	24.00930708323526	24.00930708323526	4120184	24.760614016573967	19.985087760311927	19.985087760311927	3583804	24.148823647411668	19.602240153177807	19.602240153177807	3223136	23.857079106306966	19.274044017001223	19.274044017001223	6511056	40.875667158790144	32.68607433393863	32.68607433393863	2125137	16.91376549290579	11.777910189255417	11.777910189255417	4703377	35.65301684259662	28.425367341223705	28.425367341223705	3662967	25.434540152841922	18.15797445112733	18.15797445112733
bin_3_metaspades.fasta	2.857499	3487	0.028014156990789473	0.024281770480903183	0.024281770480903183	14913	0.10891327295887851	0.09714825904511007	0.09714825904511007	25577	0.15370726761278436	0.13426612801578094	0.13426612801578094	4670	0.03146796153846931	0.02764430966665822	0.02764430966665822	20930	0.15492013545038275	0.13545369509463825	0.13545369509463825	40276	0.2528481356153951	0.21881902496758157	0.21881902496758157	43872	0.34917312140570833	0.26314562364306743	0.26314562364306743	11803	0.08947030140113539	0.07719978925281655	0.07719978925281655	6051	0.04201632241427414	0.03246302307695012	0.03246302307695012
bin_3_operams.fasta	2.501822	96271	0.7734301427187534	0.7656910402311314	0.7656910402311314	87262	0.6372956497644777	0.6492692679526372	0.6492692679526372	7500	0.045071920361883046	0.04496843823171581	0.04496843823171581	98683	0.6649577834048752	0.6672074581284667	0.6672074581284667	59999	0.4441019210170814	0.4435017322291088	0.4435017322291088	36309	0.22794376194407046	0.225311165560837	0.225311165560837	11294	0.08988788368791188	0.07737242021924619	0.07737242021924619	27829	0.21095221703738004	0.207898324037046	0.207898324037046	29443	0.20444332851486915	0.18041537542612315	0.18041537542612315
bin_40_operams.fasta	2.153969	42999	0.345449021063079	0.3972220938789307	0.3972220938789307	47513	0.3469990168373362	0.4106095969657984	0.4106095969657984	76071	0.4571554738465074	0.5297642227656983	0.5297642227656983	58223	0.39232529435852226	0.4572251238835278	0.4572251238835278	62502	0.4626286816015204	0.5366142254580877	0.5366142254580877	39061	0.24522050415316685	0.2815326331542698	0.2815326331542698	20722	0.16492444889152735	0.16488723159797591	0.16488723159797591	37342	0.2830636274609165	0.32401709254405714	0.32401709254405714	9864	0.0684926465533631	0.07020394375342849	0.07020394375342849
bin_41_metaspades.fasta	1.690146	46	0.0003695587099444553	0.0005415618949262172	0.0005415618949262172	5194	0.037933047659653656	0.0572049769285147	0.0572049769285147	915	0.005498774284149732	0.008120818807959325	0.008120818807959325	47	0.0003167011118432672	0.00047037972269443423	0.00047037972269443423	7661	0.05670535870450941	0.08382411095806608	0.08382411095806608	12623	0.07924575468947097	0.11594798181317412	0.11594798181317412	58	0.0004616165445279696	0.0005881641873846857	0.0005881641873846857	20323	0.15405447219988772	0.2247363845956011	0.2247363845956011	29082	0.2019366531898728	0.2637836922005226	0.2637836922005226
bin_42_operams.fasta	4.598295	120486	0.967970667964514	0.5213798542119392	0.5213798542119392	76500	0.5586981413098776	0.309685375560792	0.309685375560792	71527	0.4298478996965878	0.23333298071077663	0.23333298071077663	109162	0.7355686547028667	0.40155922745162353	0.40155922745162353	60802	0.45004558412107837	0.2445280873794154	0.2445280873794154	73968	0.4643626699572834	0.24973066858851667	0.24973066858851667	73887	0.5880596831989326	0.2754013149094569	0.2754013149094569	73354	0.5560454536116992	0.29815134030825735	0.29815134030825735	62797	0.43604346366702573	0.209358193234121	0.209358193234121
bin_43_metaspades.fasta	2.257315	2154	0.01730498828739906	0.018987510230508327	0.018987510230508327	135739	0.9913349935066861	1.119356870583601	1.119356870583601	759	0.004561278340622565	0.005043738441937997	0.005043738441937997	2522	0.016994046895079145	0.018898523301452114	0.018898523301452114	153047	1.132826658876002	1.2538349433900466	1.2538349433900466	520523	3.2677840424801943	3.579913969777622	3.579913969777622	489333	3.8945553204052583	3.7154134007825537	3.7154134007825537	306625	2.3243100200900737	2.5387807018391446	2.5387807018391446	779948	5.415724117396841	5.296895144670639	5.296895144670639
bin_45_metaspades.fasta	2.07446	9738	0.07823397211824143	0.09340695067169526	0.09340695067169526	17158	0.12530905501431217	0.15396346971567226	0.15396346971567226	14490	0.08707895013915806	0.10477707463073793	0.10477707463073793	10461	0.07048958151047698	0.08529883363096898	0.08529883363096898	15286	0.11314425181531537	0.13626882328336865	0.13626882328336865	11219	0.07043160277756276	0.08396028736289671	0.08396028736289671	4058	0.0322972403050776	0.033527547250582324	0.033527547250582324	4361	0.03305769587480737	0.03929079499659085	0.03929079499659085	4697	0.032614554020797486	0.03471070141072772	0.03471070141072772
bin_46_metaspades.fasta	3.218359	4423	0.03553387334965926	0.027346197235334754	0.027346197235334754	8605	0.06284441184276468	0.04977055448100419	0.04977055448100419	3319	0.019945827157478647	0.015469479950362642	0.015469479950362642	4996	0.03366465435678644	0.02625807584877992	0.02625807584877992	6532	0.048348701613086485	0.0375335294198759	0.0375335294198759	13631	0.0855738637544307	0.06575337727358303	0.06575337727358303	46165	0.3674228927264434	0.24585166770467037	0.24585166770467037	24340	0.18450454427718677	0.14135002240702857	0.14135002240702857	31108	0.2160045872852817	0.14817860366764593	0.14817860366764593
bin_47_metaspades.fasta	2.30225	58067	0.4665036002248845	0.5018701859496145	0.5018701859496145	1840	0.013437968366146075	0.01487720792482111	0.01487720792482111	1578	0.009483132044140195	0.01028152333878446	0.01028152333878446	47261	0.3184598137622266	0.34723650855383426	0.34723650855383426	1031	0.007631278530785695	0.008281593304663371	0.008281593304663371	168	0.0010546848441599559	0.0011328740622740447	0.0011328740622740447	515	0.004098836559170764	0.0038339774400268905	0.0038339774400268905	755	0.005723127811391783	0.00612920665846281	0.00612920665846281	361	0.002506675324996358	0.0024038237121901587	0.0024038237121901587
bin_48_metaspades.fasta	4.582767	9623	0.0773100753433803	0.04178276709556695	0.04178276709556695	48	0.00035055569650815856	0.0001949707901167441	0.0001949707901167441	54	0.00032451782660555795	0.00017675386990675802	0.00017675386990675802	11830	0.0797143436831032	0.04366484503823322	0.04366484503823322	47	0.0003478856362239842	0.00018966089532063002	0.00018966089532063002	68917	0.43265306788673613	0.23346588056633802	0.23346588056633802	34642	0.2757124195782401	0.12955971556795604	0.12955971556795604	98	0.0007428695702203904	0.0003996760211992717	0.0003996760211992717	20989	0.1457412974968104	0.07021208421322797	0.07021208421322797
bin_49_metaspades.fasta	1.808123	20110	0.16156142732571732	0.2213087521410943	0.2213087521410943	8176	0.059711320305223	0.08417226302036068	0.08417226302036068	12791	0.07686865777984614	0.1061156593212082	0.1061156593212082	15857	0.10684956447869548	0.14834332573611633	0.14834332573611633	6191	0.045824680294950765	0.0633199479170459	0.0633199479170459	4020	0.02523710162811323	0.03451619516113002	0.03451619516113002	11281	0.0897844179106901	0.1069336606595416	0.1069336606595416	43150	0.3270900199490801	0.4460285147194044	0.4460285147194044	7521	0.052223559887251	0.06376693057536573	0.06376693057536573
bin_4_operams.fasta	1.165924	156808	1.2597774388906555	2.6761623898410565	2.6761623898410565	87103	0.6361344340197944	1.3906535939280007	1.3906535939280007	184401	1.1081742915535462	2.3724440449322777	2.3724440449322777	141462	0.9532164400760056	2.0523173067257794	2.0523173067257794	71660	0.530414567910866	1.1366173399676707	1.1366173399676707	93390	0.5862917714053468	1.243526276710669	1.243526276710669	56908	0.4529254192413396	0.8365615243428399	0.8365615243428399	24383	0.1848304972518753	0.39086491716166516	0.39086491716166516	68240	0.4738380171128849	0.8972566187430362	0.8972566187430362
bin_50_metaspades.fasta	3.57262	526	0.004225823509364859	0.0029296342780404635	0.0029296342780404635	670	0.004893173263759713	0.0034909535401092804	0.0034909535401092804	872	0.0052403619407416025	0.0036612771758656303	0.0036612771758656303	533	0.0035915253747332214	0.0025235699053732553	0.0025235699053732553	548	0.004056198481930709	0.0028366218829668664	0.0028366218829668664	63544	0.398921986531549	0.27612934189555355	0.27612934189555355	77509	0.6168868405141104	0.3718434315790814	0.3718434315790814	25075	0.1900760660538397	0.13117887778960172	0.13117887778960172	296637	2.0597580287560797	1.272876855346664	1.272876855346664
bin_51_operams.fasta	2.194974	374	0.003004672989548398	0.0033904450601670534	0.0033904450601670534	5601	0.04090546783629575	0.047499854990729014	0.047499854990729014	1117	0.006712711339229783	0.0076335532817777465	0.0076335532817777465	437	0.0029446465079895267	0.0033676504922937963	0.0033676504922937963	3144	0.023271328516770346	0.02648871390192586	0.02648871390192586	10394	0.06525234684642013	0.07351537309345595	0.07351537309345595	267792	2.1313313395212767	2.091043291142561	2.091043291142561	21954	0.16641794433284135	0.18693648585658254	0.18693648585658254	32540	0.22594796419773266	0.22726683452991597	0.22726683452991597
bin_52_operams.fasta	1.391114	36423	0.2926181933110195	0.5209877141040765	0.5209877141040765	12083	0.08824509335225166	0.16168440976489737	0.16168440976489737	20684	0.12430234676869187	0.2230358913961423	0.2230358913961423	27010	0.18200206448694992	0.3284254613068839	0.3284254613068839	9572	0.07085024063693568	0.12724703869457565	0.12724703869457565	5787	0.03633012614972419	0.06458261031831887	0.06458261031831887	9841	0.07832359335689222	0.12124708778520478	0.12124708778520478	4659	0.03531662579241632	0.06259502018920235	0.06259502018920235	760	0.005277211210518648	0.008375269015963643	0.008375269015963643
bin_53_metaspades.fasta	2.23454	18353	0.1474458913828389	0.16343061716610938	0.16343061716610938	12289	0.08974956154976584	0.10237278126475466	0.10237278126475466	22524	0.1353599912308072	0.1512029741741384	0.1512029741741384	21623	0.14570272641248866	0.1636826964251899	0.1636826964251899	10690	0.07912547768583811	0.08847025672113967	0.08847025672113967	7067	0.04436582020046671	0.049098903286726996	0.049098903286726996	12009	0.09557850143511012	0.0921114284260279	0.0921114284260279	6002	0.045496971025130444	0.050201610814211414	0.050201610814211414	3955	0.027462329391580595	0.02713352695121326	0.02713352695121326
bin_53_operams.fasta	2.347095	68172	0.5476860081376828	0.5779494522482619	0.5779494522482619	78963	0.5766860304869525	0.6262519094433457	0.6262519094433457	118621	0.7128635020329238	0.7581128554311339	0.7581128554311339	82409	0.5552983388487618	0.5939076667876689	0.5939076667876689	63436	0.46954198339371617	0.49981908800141195	0.49981908800141195	22040	0.13836460693622277	0.14578262142884033	0.14578262142884033	38479	0.3062507416705473	0.28098809138868874	0.28098809138868874	36080	0.2734972866688948	0.2873066348044879	0.2873066348044879	35036	0.2432794368049097	0.22883989721948056	0.22883989721948056
bin_54_operams.fasta	5.231893	28870	0.2319382599151397	0.10980002015995297	0.10980002015995297	55374	0.4044098153842244	0.19701674260552238	0.19701674260552238	32026	0.1924631095346222	0.09182200979237265	0.09182200979237265	31282	0.21078817405704434	0.10113712735016685	0.10113712735016685	45640	0.33781915823963055	0.161322334427389	0.161322334427389	154720	0.9713145183835021	0.459105437807746	0.459105437807746	219374	1.7459770317117036	0.7186560836059397	0.7186560836059397	98225	0.7445751381112026	0.35089160566171934	0.35089160566171934	324255	2.2515291066667427	0.9501140116146927	0.9501140116146927
bin_57_metaspades.fasta	1.745148	4113	0.03304336900003358	0.046896554377324866	0.046896554377324866	9730	0.07106056097967463	0.10378549662315478	0.10378549662315478	14578	0.08760779400473748	0.12530506625677548	0.12530506625677548	4138	0.027883174485264672	0.04010820058119412	0.04010820058119412	7503	0.05553587082103305	0.07950792111164211	0.07950792111164211	4330	0.02718324628102743	0.038519484456533595	0.038519484456533595	11617	0.09245861030657626	0.11409235147257359	0.11409235147257359	6824	0.051727979052897395	0.07308303071184485	0.07308303071184485	8314	0.057729913163489535	0.07303409480493933	0.07303409480493933
bin_57_operams.fasta	2.249021	155100	1.246055563312718	1.3722485374810427	1.3722485374810427	167888	1.2261269744867025	1.3895757814391985	1.3895757814391985	226010	1.3582272961318917	1.5074297883359158	1.5074297883359158	2667252	17.97280157374847	20.060672806407286	20.060672806407286	2461816	18.221923945242207	20.242763205962284	20.242763205962284	1477698	9.276819552651656	10.200395437341983	10.200395437341983	522786	4.160804600820675	3.984054253461542	3.984054253461542	1392209	10.553364300887342	11.569663319313111	11.569663319313111	1290448	8.960482437093907	8.796195898009547	8.796195898009547
bin_58_metaspades.fasta	4.404578	46594	0.3743308376337381	0.21049422220473915	0.21049422220473915	47344	0.34576476865588035	0.20008601466576173	0.20008601466576173	66105	0.39726390606963713	0.225129783021668	0.225129783021668	34050	0.2294398480481542	0.13076387046592183	0.13076387046592183	36743	0.27196514748463513	0.15426877221605914	0.15426877221605914	12463	0.07824129293312815	0.04392817119417872	0.04392817119417872	16966	0.13503079818037125	0.06601915526269198	0.06601915526269198	14327	0.10860298298517891	0.060794004369389115	0.060794004369389115	15579	0.10817588611667107	0.05422295312417986	0.05422295312417986
bin_58_operams.fasta	2.329426	102572	0.8240516520961451	0.8761821364037546	0.8761821364037546	79186	0.5783146538269801	0.6327841296409661	0.6327841296409661	171593	1.031203470754213	1.1049779127996107	1.1049779127996107	79234	0.5339041679955198	0.5753572875604864	0.5753572875604864	66767	0.4941974526333351	0.5300546634300357	0.5300546634300357	8101	0.05085715430083215	0.05399015161342901	0.05399015161342901	23291	0.18537087825174034	0.17136969448949607	0.17136969448949607	18360	0.13917433989026906	0.14731044892697048	0.14731044892697048	15764	0.1094604704244947	0.10374457652152227	0.10374457652152227
bin_59_metaspades.fasta	1.456687	26916	0.21624004862749913	0.3676704821365535	0.3676704821365535	9376	0.06847521271792696	0.11981396641964756	0.11981396641964756	19566	0.1175836258400805	0.20148315982691758	0.20148315982691758	11369	0.07660797745842776	0.13201733994244558	0.13201733994244558	7075	0.0523678909847806	0.08981893791054783	0.08981893791054783	7768	0.04876661827044367	0.08278807909036957	0.08278807909036957	4534	0.036085679532583	0.053347009258418045	0.053347009258418045	2894	0.021937393226712346	0.03713146437269721	0.03713146437269721	2978	0.020678335506479652	0.031340530509171745	0.031340530509171745
bin_5_operams.fasta	2.147393	11907	0.09565946868062239	0.11033297026947714	0.11033297026947714	12990	0.0948691353675204	0.11260397181618521	0.11260397181618521	15061	0.09051042567604276	0.10520714223052259	0.10520714223052259	13755	0.09268561262562	0.1083487779599589	0.1083487779599589	13375	0.0989993698828891	0.11518342101384446	0.11518342101384446	36983	0.23217505709266453	0.2673717002899887	0.2673717002899887	19572	0.15577170706036933	0.15621347003814998	0.15621347003814998	14728	0.11164268398169296	0.12818642544283598	0.12818642544283598	35248	0.24475150098468593	0.2516348807680732	0.2516348807680732
bin_5_unicycler.fasta	2.00311	2805	0.022535047421612983	0.02786394190344683	0.02786394190344683	10991	0.08026995125669105	0.10213827062141446	0.10213827062141446	105	0.0006310068850663627	0.0007862985023450876	0.0007862985023450876	7555	0.05090801914842306	0.06379764172373582	0.06379764172373582	12288	0.09095358931745356	0.11344467602412943	0.11344467602412943	91758	0.5760462614906502	0.7111545176865747	0.7111545176865747	192622	1.5330603800011477	1.6481468108810182	1.6481468108810182	165438	1.2540699587563364	1.5436195378302557	1.5436195378302557	227004	1.5762474389902308	1.7373071437737708	1.7373071437737708
bin_61_metaspades.fasta	2.280279	20857	0.1675627394198153	0.18200291461116622	0.18200291461116622	42855	0.3129805077886903	0.3498401118372684	0.3498401118372684	20892	0.1255523413600614	0.13743425037121845	0.13743425037121845	17952	0.12096634808107092	0.13316797863984658	0.13316797863984658	28155	0.20839829974226115	0.22833645781796652	0.22833645781796652	10808	0.06785139164095716	0.07358379490769784	0.07358379490769784	1946	0.015488030959507395	0.01462681114199845	0.01462681114199845	4972	0.0376892602360794	0.0407523752842534	0.0407523752842534	2229	0.015477504984534301	0.014985456434333527	0.014985456434333527
bin_63_metaspades.fasta	2.574855	4245	0.03410384181987419	0.03280495200625521	0.03280495200625521	25199	0.184034437423106	0.18217409497859105	0.18217409497859105	2085	0.012529993860603487	0.012146641967995041	0.012146641967995041	4321	0.02911628732499484	0.028386146823744025	0.028386146823744025	22532	0.16677785437018747	0.16182837786018567	0.16182837786018567	3502	0.021985156691953365	0.02111485959580666	0.02111485959580666	762	0.0060646863263847045	0.005072207358127268	0.005072207358127268	5680	0.043056113865834876	0.041229242265055116	0.041229242265055116	1897	0.013172196929412993	0.011294381371712169	0.011294381371712169
bin_63_operams.fasta	2.551616	13101	0.10525192736918064	0.10216534815346877	0.10216534815346877	14890	0.10874529835430168	0.10862642142227964	0.10862642142227964	19781	0.11887568755712115	0.1162882606330944	0.1162882606330944	11240	0.07573873398124092	0.07451195361246353	0.07451195361246353	11239	0.08318907798981613	0.08145543551220465	0.08145543551220465	2952	0.018532319404524936	0.017960807980626596	0.017960807980626596	2994	0.023828964384771396	0.02011088973893896	0.02011088973893896	3304	0.02504531693885888	0.02420106714623339	0.02420106714623339	2249	0.015616378963758474	0.013512074569519935	0.013512074569519935
bin_64_operams.fasta	1.994173	1120392	9.001100481567134	11.179481373723902	11.179481373723902	820544	5.992632779908134	7.659406759608236	7.659406759608236	1352022	8.125097054868514	10.170068429190083	10.170068429190083	872761	5.880944235605143	7.402994983791224	7.402994983791224	691234	5.116391061056372	6.41017632032292	6.41017632032292	121522	0.7629012597143223	0.9460561430670912	0.9460561430670912	280262	2.2305788965947904	2.408774753691089	2.408774753691089	258651	1.960652624561982	2.424159128337125	2.424159128337125	109198	0.7582380391660729	0.8394594974250867	0.8394594974250867
bin_67_operams.fasta	2.372542	13650	0.10966253023351773	0.11448095179921168	0.11448095179921168	10467	0.07644305156981032	0.0821229244165191	0.0821229244165191	3019	0.018142950343003325	0.019087636341366877	0.019087636341366877	26710	0.1799805680283759	0.19042981016522326	0.19042981016522326	9396	0.06954751995660756	0.07323805706885327	0.07323805706885327	953	0.005982825336216893	0.0062359672369955476	0.0062359672369955476	1036	0.008245426553982353	0.007484118439667246	0.007484118439667246	520	0.003941756903210235	0.004096370492133856	0.004096370492133856	382	0.0026524930031817415	0.002468296618627649	0.002468296618627649
bin_6_operams.fasta	1.800639	30968	0.24879335064260638	0.3422165395398906	0.3422165395398906	7778	0.05680462932167619	0.08040765154806732	0.08040765154806732	8979	0.053960103057246384	0.07480045984225088	0.07480045984225088	35438	0.23879263832982345	0.33290284544653476	0.33290284544653476	5490	0.04063600303978028	0.05638367871768937	0.05638367871768937	217	0.0013623012570399427	0.0018709316203392005	0.0018709316203392005	2229	0.017740401340566283	0.021216718870779253	0.021216718870779253	1639	0.012424114546849184	0.01701226331191206	0.01701226331191206	55	0.0003819034428664812	0.00046825662635599795	0.00046825662635599795
bin_7_metaspades.fasta	2.073126	174440	1.401430899189365	1.6743061368423864	1.6743061368423864	440763	3.2189995929171973	3.9576330435709877	3.9576330435709877	870136	5.229160066134329	6.295995183825685	6.295995183825685	224710	1.5141682306872462	1.8334609185466588	1.8334609185466588	439494	3.2530563788643336	3.9204414084496846	3.9204414084496846	560301	3.517505790878973	4.195855591185285	4.195855591185285	75275	0.5991066446438433	0.6223287596783291	0.6223287596783291	700595	5.3107214953934125	6.316131013923175	6.316131013923175	943653	6.552442355841519	6.9780571375740355	6.9780571375740355
bin_7_unicycler.fasta	1.742994	76782	0.6168577579772863	0.8765526713555839	0.8765526713555839	103360	0.7548632664809014	1.1038567049579973	1.1038567049579973	157772	0.948144935911335	1.3578036983299102	1.3578036983299102	68250	0.45989044432559545	0.6623411218591807	0.6623411218591807	82702	0.6121454869573604	0.877461026327544	0.877461026327544	779	0.00489047317619408	0.006938512882858108	0.006938512882858108	685	0.005451850568994124	0.0067358046757106166	0.0067358046757106166	584	0.0044268962143745715	0.006262197344876527	0.006262197344876527	1362	0.009457317985166315	0.011979235701170217	0.011979235701170217
bin_8_metaspades.fasta	2.356022	15522	0.1247019629512573	0.13109400361499765	0.13109400361499765	24038	0.1755553715138149	0.18992191504873115	0.18992191504873115	23907	0.14367125334553843	0.15221192853372265	0.15221192853372265	17530	0.11812277639601008	0.12585704489125776	0.12585704489125776	23214	0.1718258970064589	0.18221257862634882	0.18221257862634882	1413	0.008870652885702485	0.009310814061560481	0.009310814061560481	8852	0.07045223538209633	0.06439570014452822	0.06439570014452822	6277	0.0475815540027897	0.049794638278983776	0.049794638278983776	11021	0.07652650625148161	0.0717116236349957	0.0717116236349957
bin_9_metaspades.fasta	2.412017	1840006	14.782396601088205	15.179356616421217	15.179356616421217	1531819	11.187247426446477	11.82178833046622	11.82178833046622	1922519	11.553549768294271	11.956201471178876	11.956201471178876	1932289	13.020384568138615	13.550854211207541	13.550854211207541	1434531	10.618143183362303	10.998596988451453	10.998596988451453	524472	3.2925754142039305	3.3757227959953533	3.3757227959953533	883285	7.02998223333427	6.276467676105761	6.276467676105761	568200	4.307127446930876	4.402817253562085	4.402817253562085	500528	3.4755157536558925	3.1812361400607294	3.1812361400607294
