,TRE3326A10-45241226,TRE3326A11-45241228,TRE3326A12-45238228,TRE3326A13-45249221,TRE3326A14-45252219,TRE3326A15-45241232,TRE3326A16-45245241,TRE3326A17-45241234,TRE3326A18-45238232
EX_12ppd__R_e_m,37.67297103807531,1.7233867239758796,3.800126745020237e-12,-8.303670612729359e-13,6.531714367229298e-13,4.0776033510497066e-12,18.692383650920927,1.0169694032016913e-10,6.8626232985028435e-12
EX_12ppd__S_e_m,5.473681062813855,0.017377835428277904,3.281018853836367e-11,3.0257708549800744e-12,5.989860315698321e-13,-0.0029646280819504915,11.6189573805642,-0.00047899667533457925,-0.034379999932236234
EX_glc__D_e_m,0.00905478240390245,-0.03437999998486936,-0.034379999998933895,-0.03437999998010136,-0.03437999999593227,-0.03437999999680905,0.02185907667228637,-0.034379998146357026,-0.034380000031863533
EX_h2o_e_m,-3.030487765761068,1.0833754152832278,2.743684432101986,7.620755128052877,7.638318075543196,3.4123759114616012,14.1207060731572,2.663305254571251,10.737891527060148
EX_26dap__M_e_m,-0.028310513891700525,-0.013679614699611252,-0.02806044163699688,-0.03437999998961894,-0.03437999999701688,-0.0343799999706668,-0.032465022703061605,-0.008423835516229406,-0.025093574911735122
EX_h_e_m,47.41930887689611,-3.437999999993426,-1.319259532560637,22.11970309038363,21.976790873324116,13.560305065248581,67.94492186445254,6.137498481952699,22.24559802754331
EX_2obut_e_m,0.07763533913012714,0.0348027660171022,0.00036343669491648565,2.6577030800424866e-12,0.00010079659959523372,0.034434755171191406,0.08280518493120086,6.047412739131212e-11,4.921953541919038e-11
EX_2pglyc_e_m,-0.032206653363219824,-0.010547355342413375,-0.03438000001551489,-0.0343799999976512,-0.03437999999905981,-0.03437999989666689,-0.03411645526019644,-0.0009977046477285766,-0.026753574574334107
EX_34dhbz_e_m,0.05763546859708748,7.895831680467333e-13,4.2520870179845425e-12,1.3297135520793588e-12,2.137415473427743e-13,,0.04737818576247625,3.034233161728571e-11,1.450641522446832e-10
EX_leu__L_e_m,-0.03782582538500126,-0.0687600000021062,-0.06876000002850093,-0.068759999999214,-0.06875999999974043,-0.06876000000841359,-0.06711793342083504,-0.06876000002227373,-0.06876000003678995
EX_3mb_e_m,-0.0282552065838468,-0.03438000000208841,-0.0343800000195024,-0.034379999998566224,-0.034379999993622345,-0.034380000008180346,-0.025336524853746455,-0.034380000018065196,-0.03438000001789095
EX_4abz_e_m,0.06534091883975332,-3.16178662856171e-09,0.0004836885813743439,-1.6341087656739614e-12,6.462341814622198e-13,-4.6295393199901386e-05,0.03072067504976754,-2.348605691699285e-05,-0.00016203049938667063
EX_4hbz_e_m,-7.736459115168294e-06,-1.3120205456374606e-12,-2.46357912707468e-12,-3.157081900951895e-12,-5.227086059784559e-13,-3.645054381269603e-12,-0.017905579430384025,-1.451222360955744e-12,-9.479325828942346e-12
EX_ala__L_e_m,-0.0542464474769232,-0.06876000000170866,-0.06876000002777564,-0.06875999999862348,-0.06875999999960015,-0.06876000000627235,-0.06793407652572485,-0.0687600000140552,-0.06876000002982602
EX_4hthr_e_m,-0.02890944193948955,-0.034380000002013224,-0.034380000028506635,-0.03437999999845613,-0.034379999999610264,,-0.033704454715183095,-0.03438000000873384,-0.000756064845899403
EX_cl_e_m,-0.0027372434659884743,-0.0028163997602337542,-0.002804382502381987,-0.0028575289177167774,-0.002868013195206111,-0.002690493328910259,-0.0028279166789565396,-0.002786902182649879,-0.0027703082350630823
EX_LalaDgluMdapDala_e_m,-0.025935706307179777,-0.034380000000848114,-0.0343800000259789,-0.03437999999877914,-0.03437999998399105,-0.0343799999904708,-0.03411312434238405,-0.004998509179685377,-0.002213181532268307
EX_5dglcn_e_m,-0.02906378826369238,-0.03438000000022208,-1.5633574590966667e-10,2.2894795793790556e-12,-1.7326651595724496e-12,3.4372539341750037e-12,-0.030614158733448527,-5.159400058220288e-10,5.53952025566531e-11
EX_arab__L_e_m,-0.021056521916659993,-0.03175621013631276,-0.030380699068982116,1.3890906576105741e-11,-0.012606592950151764,-0.03437999997513025,-0.028060526294231728,-4.417682512027356e-10,-0.0007609959865170376
EX_abt__L_e_m,-0.02140549656335322,9.041030456969404e-12,4.0312834643986585e-11,6.1506254019864534e-12,1.6506165343211317e-11,-4.4462949726128935e-10,-0.02804541470254085,4.727071838954846e-10,7.602190377040307e-11
EX_acald_e_m,243.70749971305253,-0.034379999999620395,4.517363990659237,3.388504201790548,2.5366802018097774,-0.034379999997394814,202.74508313065934,-0.03437999998669542,23.394138491940783
EX_ac_e_m,-1.4539744994974517,-1.457000000000837,-1.4540000000043245,-0.7400000000012029,-1.1840000000003623,-1.1840000000065545,-1.9250190840518229,-1.9340000000094337,-1.9190000004501815
EX_chol_e_m,0.009551920764507935,2.7630403643658644e-11,2.6887570202016663e-11,1.1522282045340679e-11,2.1966353503743065e-12,5.1412183532724845e-11,0.00776054259725757,2.2119026272702636e-10,0.0007549007336596047
EX_pi_e_m,-1.435257628311334,-0.1588399680975981,-0.07422505827002912,-0.14436791436168925,-0.17321165169367406,0.032414829683982224,-0.4268234523347344,-0.23792442154883614,-0.0453578039038702
EX_ribflv_e_m,-7.100845268704967e-05,-3.931409598853222e-05,-9.774047871295632e-05,-4.60073229835188e-05,-3.341506605702398e-05,-2.032691121515717e-05,-0.00011185286353155727,-1.6222571055027875e-05,-0.00010334457260871484
EX_actn__R_e_m,0.016693578441330154,-0.03438000000030342,-2.280296639934019e-11,-1.941107919375002e-11,-5.760175253945268e-12,-0.03438000000011204,0.0022438578760596434,-0.03437999995619854,-1.6789113635651925e-10
EX_nh4_e_m,-3.4178358223458627,-0.6160644154958622,-0.8495390273908348,-1.6773739590072194,-1.6174998457641305,-0.5507336831078733,-3.437175142751055,-1.357936504842762,-3.4379999996243433
EX_mal__L_e_m,-0.031739119331665906,-0.034380000002116134,-0.03438000002904456,-0.034379999994650176,-0.03437999999961803,-2.9269344434193284e-12,-0.027605089360826486,-3.9435034050031673e-10,-0.03437999996278114
EX_alaala_e_m,-0.02868735566983842,-0.034380000001964735,-0.034380000028635144,-0.03437999999846749,-0.03437999999956337,-0.034380000005976616,-0.03399049406966298,-0.034379999999347,-0.03438000002774331
EX_ala__D_e_m,-0.014470180188185688,-0.034380000001527466,-0.03438000002688387,-0.034379999997977306,-0.03437999999935694,-0.03438000000384264,-0.03354727560717051,-0.03438000000193094,-0.03438000002166233
EX_gln__L_e_m,-0.06871411542169752,-0.06876000000236339,-0.06876000003015852,-0.06875999999938885,-0.06875999999983017,-0.06876000000918439,-0.06861093388985139,-0.0687600000217418,-0.06876000004107365
EX_thr__L_e_m,-0.06827753121802663,-0.0687600000020547,-0.06876000002966579,-0.06875999999931634,-0.06875999999977592,-0.06876000000773123,-0.06800505333992954,-0.06876000001709097,-0.06876000003933107
EX_arg__L_e_m,-0.06847996172149379,-0.06876000000246302,-0.06876000003074557,-0.06875999999986551,-0.06875999999997269,-0.06876000000948514,-0.06866207618730294,-0.06876000002433932,-0.06876000004145905
EX_amp_e_m,-0.03211592890565645,-0.03438000000176052,-0.03438000002825788,-0.03379423800460921,-0.01372955254422172,-0.0343800000042394,-0.0338127037664575,-0.017850671166620365,-0.01098972418777061
EX_cgly_e_m,-0.03331791964228992,-0.034380000002237995,-0.034380000029263336,-0.03437999999924922,-0.03437999999975959,-0.03438000000828069,-0.0342308731753416,-0.03438000002052471,-0.034380000041397525
EX_malt_e_m,-0.0046376247486192845,-0.03437999997999465,0.9736001152240701,-0.034379999784655134,-0.03437999997692218,-0.03437999999949139,-0.006443635553982752,0.9992935210424457,-0.034380000036923986
EX_malttr_e_m,-0.0013567073967157839,0.08804766231342037,0.07542291950334604,-0.03437999997648766,-0.03437999999440671,-0.03437999999831928,0.0017760569965332706,-0.0343799968548729,-0.034380000033598694
EX_starch1200_e_m,-0.03427589863042784,-0.0002934922690409276,-0.0002514102708596629,-0.00020213733879542142,-7.568725254759932e-13,-0.0015543089532337971,-0.03423339969429213,-0.003050495961274757,-0.00783893643898841
EX_arab__D_e_m,-0.02380592641478895,-0.03437999999386862,-0.03438000001142901,-0.03437999998311283,-0.03437999999751481,4.756138069731298e-12,-0.029778096510637383,-1.2473910761903755e-09,-7.426842526730766e-11
EX_fe3_e_m,-3.4148261570322163,-3.438000000000696,-3.438000000004363,-3.43799999999254,-3.4379999999977553,-3.438000000002268,-3.4365085747386304,-3.4380000000200592,-3.438000000036286
EX_lys__L_e_m,-0.0567293689019327,-0.06876000000224913,-0.06876000003024162,-0.06875999999884336,-0.06875999999966999,-0.06876000000649202,-0.0655925136193182,-0.06876000000995817,-0.06876000003234473
EX_orn_e_m,-0.03405893772450174,-0.03438000000232212,-0.03438000003037726,-0.03437999999954412,-0.034379999999868883,-0.0343800000090729,-0.03423789711466263,-0.0343800000208358,-0.0343800000412384
EX_asp__L_e_m,-0.05985062274362564,-0.06876000000210929,-0.06876000002944485,-0.0687599999989032,-0.06875999999963692,-0.06876000000841187,-0.06800701512812732,-0.06876000002119545,-0.06876000003714222
EX_phe__L_e_m,0.03567691379298127,-0.027352125135504685,-0.029275398370261437,-0.0024065746413792694,-0.012460451517383326,-0.01852653231371198,-0.04968780159482523,-0.009069669870126052,-0.04233802599387279
EX_k_e_m,-0.10264952235472036,-0.10562047803519442,-0.10516440055108621,-0.10716085916087213,-0.10755403844005998,-0.10089665558723405,-0.10604986375725543,-0.10450907937433801,-0.10388977156613644
EX_pro__L_e_m,-0.05160536442489655,-0.06876000000224786,-0.06876000003021149,-0.06875999999935074,-0.06875999999985079,-0.06876000000843864,-0.06797465775224196,-0.06876000002076019,-0.06876000003860391
EX_cellb_e_m,-0.03264543924002161,-0.03437999998482833,-0.034379999922717806,-0.03437999998011542,-0.03437999999290414,-0.0343799999995074,-0.03279121634191507,-3.0849944083332705e-09,-0.03438000003694921
EX_meoh_e_m,-0.0277972985725549,-0.034380000002091494,-0.034380000025308506,-0.034379999997860074,-0.03437999999936736,-0.034380000008231736,-0.03043073707990652,-0.034380000018744715,-0.03438000003278773
EX_btoh_e_m,-0.019769112165441582,-4.104276219235898e-12,-0.03315215531758374,-0.02697060050706279,-4.660343746384576e-12,-4.439039431043419e-12,-0.012758062285360392,-4.770414312676398e-11,-3.683586029780411e-11
EX_ca2_e_m,-0.002737243466014774,-0.002816461446698507,-0.0028043874747849763,-0.0028575382693363277,-0.002868028229106966,-0.0026905007588011996,-0.002827916662702096,-0.0027868424819146222,-0.0027703153573935655
EX_15dap_e_m,0.18578442505897447,6.359041937675993e-13,-1.9063792277061304e-12,1.0832023208559621e-11,3.0048905280142018e-12,1.8018352763315327e-11,0.06245930283580809,1.1490979597732256e-10,6.282447700845344e-11
EX_chor_e_m,-0.01475552271801129,-0.002018295524939427,-0.003604933567123522,-0.03437999999938665,-0.03437999999987811,-0.034379999999004346,-0.022899575464387822,-0.034379999964831494,-0.0343800000387074
EX_mg2_e_m,-0.004562072443316849,-0.004694127400459728,-0.0046738448362668,-0.004762570935414032,-0.004780044186578756,-0.004484170035753225,-0.004713194469524247,-0.004644745601851826,-0.004617193233677313
EX_mn2_e_m,-0.000363388133530546,-0.00037284486081720067,-0.00037166650224387034,-0.0003793618496201608,-0.0003807617751357482,-0.00035718399728374746,-0.00037542563426751414,-0.00036927349048996926,-0.0003650364892099578
EX_cobalt2_e_m,-5.25887331836989e-05,-5.411105059915439e-05,-5.3876929109359867e-05,-5.489985029188735e-05,-5.5101391548986186e-05,-5.169071211960706e-05,-5.43307720555692e-05,-5.3541420957506864e-05,-5.322412810471441e-05
EX_zn2_e_m,-0.00017932757433844498,-0.0001842013582456837,-0.00018272324064167556,-0.00018649791334854758,-0.00018767724994879582,-0.00017608558927961028,-0.00018526793205047621,-0.00018257628908153667,-0.00018149424164185245
EX_succ_e_m,14.540326820579741,0.15736956070812402,0.1335371243995229,10.927092183859541,11.107305231158321,8.151671973275038,24.847936325477548,4.331951712618684,9.54863739697355
EX_for_e_m,12.094515604309699,0.02848621206003005,-0.0011636529618692245,-0.0069329205836181195,-0.03437999999783502,7.370235476036188,20.97109896668789,3.0315157328138027,13.129360209152004
EX_co2_e_m,244.021682169725,23.858812075958987,18.12027248642175,10.803837529494343,10.867403050969308,24.147471525320114,195.29500081433105,27.885477367298044,35.86444204196543
EX_crn_e_m,-1.4724602239987092e-14,-2.52209863369869e-13,-9.541941726257808e-14,-3.215607775384805e-13,1.797251542314401e-14,2.060063836604043e-15,9.095881025864192e-13,-6.353226325518755e-13,1.131095351890897e-12
EX_cu2_e_m,-0.0003728541023745829,-0.0003832547681293645,-0.00038196744774912953,-0.00038926589445653685,-0.00039065499769562484,-0.0003664869503835996,-0.00038520510876190504,-0.0003796026954400841,-0.00037560523962776267
EX_o2_e_m,2.690562082932751e-10,3.773438843389798e-14,7.497106700016257e-14,5.375839841564729e-14,2.807931399421928e-15,1.3707704559341876e-13,4.684264528384083e-06,4.127729749873667e-13,7.201594105265531e-14
EX_glu__L_e_m,-0.06392661763382285,-0.06876000000233196,-0.06876000003001699,-0.06875999999910677,-0.06875999999972704,-0.06876000000915107,-0.06809839757438006,-0.06876000002131612,-0.06876000003930628
EX_drib_e_m,-0.032627035900868157,-0.034379999998784806,-0.0020273122291467427,-0.0024431982246908906,-0.0016041903144261396,-0.03437999998945796,-0.032979646333620216,-0.00045038815624941496,-4.5774561431872197e-05
EX_galur_e_m,-0.028704837163280893,-0.03438000000059699,-6.27934498074108e-10,-6.517401715886963e-12,-8.51539814338105e-12,-0.034379999993944706,-0.030775007517037527,-0.02090834210001808,-0.034379999976163075
EX_etha_e_m,-0.008933463079041665,-0.03437999999872143,0.002831476162167237,0.002029311765583261,0.0006275710221858723,-0.0013858357882829816,-0.03356508819818692,-0.01159349166371941,-0.020533458208367814
EX_fe2_e_m,3.4334589414609806,3.4305910825282195,3.430801768025042,3.4301932745126833,3.4302345606177664,3.430544559542375,3.482093064049031,3.4304578356959627,3.430502580211047
EX_fe3dcit_e_m,-0.00031961487994337226,-0.00037781307041309474,-0.0005501982500879677,-0.00016640803577103828,-0.0002369315833737817,-5.159094610230487e-05,-0.00013686699124719468,-0.0002336545147717525,-0.00023231949443030704
EX_enter_e_m,0.03142285598509319,7.17459199884493e-05,7.61891045658657e-05,2.2783001424633702e-11,1.5154220897495327e-11,3.678132699579818e-11,0.032095190516225024,2.0119904993357057e-10,8.526997071066264e-11
EX_feenter_e_m,-0.03142285598508817,-7.176500057511174e-05,-7.622987195319478e-05,-2.332445174164023e-11,-1.3854579291422686e-11,-3.6774440759754016e-11,-0.03211187644116408,-2.0436985476989248e-10,-7.785407970994258e-11
EX_fru_e_m,-0.03303476096849994,-0.034380000000212685,-0.034380000024385585,-0.034379999994811984,-0.03437999999813222,-0.03438000000513546,-0.03331849890479294,-0.03438000001266291,-0.03438000003384893
EX_g3pc_e_m,-0.03212357225069462,-7.1901274103160205e-12,-1.627463973298287e-11,-7.013721400742982e-12,-9.971981413438873e-13,-1.3926652296520497e-11,-0.03195569133695194,-2.268509471358108e-11,-0.0006704240038076656
EX_g3pi_e_m,-0.02808596559586958,-5.287905197484775e-11,-0.0069648000817138294,-0.03437999999080813,-5.0088248980137043e-11,-4.914185866633578e-12,-0.02850972076332932,-3.4612331236628384e-11,-1.2535750492803117e-11
EX_g3ps_e_m,-0.03193267502443791,-0.034379999995979946,-0.03438000001462623,-0.03437999999420144,-0.03437999999436923,-0.0037711910739261618,-0.033767597761930654,-0.00830821340420058,-1.0811185371438498e-10
EX_gal_e_m,-0.03021035679446164,1.061305263266734e-11,4.4259339035465133e-11,2.4213048999555295e-12,5.073942497525922e-12,0.029886514925163733,-0.028034519266222996,-3.821491617539603e-12,3.003590986975567e-11
EX_galctn__L_e_m,-0.0318336206495505,-1.7321231304384026e-11,-2.4771442955196533e-11,-1.1405845762538633e-11,-2.7067535813326302e-12,-1.3972769856756449e-11,-0.03244490440276548,-4.57225579369383e-11,-2.260444303297988e-09
EX_galct__D_e_m,-0.02910400877406046,-0.034379999998892845,-0.009686386826438666,-2.440130303017198e-11,-3.980342563189176e-13,,-0.031574609277456464,-3.061618168502124e-10,-0.00826102232644353
EX_galt_e_m,-0.033091965027424994,-0.03437999999359289,-0.03437999999106118,-0.03437999999644399,-0.03437999999879391,-0.03437999999189263,-0.03297641067845594,-6.699378844345293e-10,-0.034380000032461853
EX_gthrd_e_m,-0.033507987761897784,-0.03438000000241047,-0.03438000003036986,-0.034379999999620804,-0.03437999999989098,-0.0343800000092696,-0.03425836790231229,-0.03438000002306409,-0.03438000004144895
EX_glcn_e_m,-0.029061141968775406,-0.034379999999246756,-0.0013228062532119132,-2.3131935020980907e-11,-2.8004611183585085e-12,-4.4912856459747964e-12,-0.030668800974420485,0.0026767545931947307,-0.034380000002256314
EX_glcn__D_e_m,-0.0315689098245011,-0.03437999999371363,-0.0013223127347456295,-2.090624500102876e-11,-2.9807855991411153e-12,-0.03438000000036408,-0.031778375994895317,-1.0637544779655173e-10,-0.03438000000253825
EX_glcur_e_m,-0.027721437041864777,0.0007146369332070723,0.030063585615611378,0.02989887479694795,0.008406506410837134,-0.034379999993983716,-0.02915159388061765,0.008594957620247774,-0.03437999998644287
EX_glyc3p_e_m,-0.03060341491508486,-0.03437999997617307,-0.03438000001738917,-0.03437999999566823,-0.034379999998397616,-0.0013131093072846825,-0.033895976699840555,-0.0343800000240963,-0.03438000004053195
EX_glyb_e_m,0.05431889359656691,5.929899951192718e-12,1.2325071318860861e-11,4.625856320226275e-12,1.7202505348146304e-13,1.1281964113532202e-11,0.05794886505111065,4.8721291861179096e-11,6.44715791882379e-05
EX_glyclt_e_m,-0.020814438375552746,-0.03438000000058692,-0.0015337339867245458,-0.0004403227057612247,-0.000620646625802287,0.03343654617020978,-0.011982507102672773,0.000151096133416127,0.02668805761674929
EX_h2s_e_m,4.431731222881684,3.5347848774393316,3.5329869718563085,3.598273708791578,3.612376339290785,6.220595081242937,5.173469687649309,4.703763886293178,7.068771715747961
EX_4hphac_e_m,-0.03436835796970741,-0.03438000000246125,-0.03438000003070102,-0.03437999999988031,-0.03437999999997618,-0.03438000000944438,-0.03439018905971466,-0.0343800000244931,-0.03438000004051766
EX_taur_e_m,-1.616260429797491e-12,3.0139780051746675e-14,1.0292603170008991e-12,1.839236222503276e-13,-1.6829234540989968e-14,-6.605230832179358e-13,-4.655519816758047e-11,-4.119629652096094e-12,1.0845154517999629e-12
EX_id3acald_e_m,0.0972025806100552,-0.0010712448363269236,-0.0022987819542771553,-0.0013109618077009112,-0.0018265774475250145,-0.0006343673758323091,-0.013734353371523022,-0.003921173861434245,-0.003505751394726743
EX_ile__L_e_m,0.03363862895709834,-0.0687600000020314,-0.06876000002916574,-0.06875999999461985,-0.06875999999768892,-0.06876000000737166,-0.06591059673662564,-0.06876000001887049,-0.06876000003444865
EX_inost_e_m,-0.0007878277144108539,-0.02060759970639027,-0.008609579440816102,0.005287741116987838,-0.028833848272409982,-0.029695468045043583,-0.013133567978395058,-0.03085367235380907,-0.01615107495784123
EX_lcts_e_m,-0.03288326635684351,-2.511761558766854e-11,-4.877051467168927e-11,-1.54187664449462e-11,-8.46838710674202e-12,-0.02988651419464281,-0.03280586041989656,-7.358200270359587e-11,-4.6199831433147666e-11
EX_lipoate_e_m,-0.042317681704792644,-5.499377287669251e-13,-8.469226903019921e-13,-3.881701811023562e-13,-1.0965634296156911e-13,,-0.02225676637511664,-6.180548838473649e-12,-3.716139087864044e-12
EX_lac__L_e_m,6.050327625696509,0.9306985294228493,2.5758933885080966,0.2143103639147761,0.9384470627946075,0.6721797950770904,3.0455211799189374,2.1420481568177463,3.2397747331895963
EX_mal__D_e_m,-0.028803312133832214,-3.598787542226427e-12,-7.96246009053956e-12,-7.58882367069016e-12,-1.2073030180513125e-12,-7.1463265574838874e-12,-0.02921960890917782,-1.1315596507472601e-10,-0.0343799996401665
EX_malthp_e_m,-0.033579032785383496,-0.01540578037884644,-0.027604301139507657,-0.03437999998281781,-0.015842556017402018,-0.0343800000063639,-0.03383763041947994,-0.00010321458068208322,-2.935133685138092e-10
EX_malthx_e_m,-0.03337097237983753,-1.4781036162154757e-10,-0.0017469577604008538,-0.03437999999920544,-0.034379999999780454,-0.034380000008389165,-0.03298756276074292,-0.034380000017796716,-0.034380000039826886
EX_maltpt_e_m,-0.032277075509042054,-0.012898221807842822,-0.03437999983940612,-0.0343799999984436,-0.03437999999956068,-0.03438000000744098,-0.03166256397269319,-0.03438000001042828,-0.03438000003879945
EX_maltttr_e_m,-0.03200202059641677,-0.008779302904562076,-0.0007008625841750186,-0.03437999999553917,-0.034379999996812835,-0.0343800000025946,-0.03265691317167958,-0.03437999971762044,-0.03438000003688553
EX_man6p_e_m,-0.01886274811362343,-0.03438000000137317,-0.0343800000292002,-0.03437999999938788,-0.03437999999944491,,-0.030110903760422025,-0.023229949239625798,-0.0343800000288166
EX_murein5p5p_e_m,-0.03215759415658236,-0.034380000001967045,-0.034380000028564145,-0.034379999998781816,-0.03437999999958136,-0.03438000000543827,-0.03405165991849304,-0.03438000001187397,-0.03438000003334472
EX_murein5px4p_e_m,-0.029941453543685156,-0.03438000000136057,-0.03438000002570576,-0.03437999999730466,-0.03437999999903137,-0.034379999999262126,-0.03367937939914077,-0.03437999999555474,-0.034380000023563714
EX_murein5px4px4p_e_m,-0.028363415644741687,-0.03438000000136057,-0.03438000002570565,-0.03437999999730466,-0.03437999999903136,-0.034379999999248366,-0.03364073610719728,-0.034379999995532325,-0.03438000002325953
EX_murein4px4p_e_m,0.043706370350265075,0.034379999010662465,0.03437988819691373,0.03438001075280411,0.034380000262937416,0.034380000879289545,0.041796878131696136,0.034380003604006504,0.03438000027411655
EX_murein4px4px4p_e_m,0.06640793887789068,0.06876000005518056,0.06875993806473993,0.06875995241842991,0.06875999972552083,0.09280964262760656,0.0685527024986065,0.06875996675394906,0.06876000024375367
EX_murein5p4p_e_m,-0.028817402584264323,-0.03438000000136057,-0.03438000002570563,-0.03437999999730466,-0.034379999999031366,-0.034379999999254264,-0.03365600518140113,-0.03437999999554898,-0.03438000002343282
EX_murein4p4p_e_m,0.06324516948271729,0.07646405194509111,0.07438726507867771,0.06875997844143666,0.08105152828197358,0.04471035378581077,0.05270761017253751,0.08225446416682447,0.07643778715999798
EX_murein4p3p_e_m,0.030915119387193237,0.03437999917792898,0.034380053450509526,0.03438001242169734,0.03437999836056282,0.03438000238826218,0.033702761476914464,0.03438000808292558,0.0343800000062466
EX_murein5p3p_e_m,-0.03091511938723875,-0.03438000000136057,-0.03438000002570593,-0.03437999999730466,-0.03437999999903137,-0.034379999999262105,-0.03370276147782562,-0.034379999995560025,-0.03438000002360407
EX_melib_e_m,-0.03151458971323941,-8.68764959987976e-12,1.335646843919025e-12,-1.7864744170243672e-12,-6.527999146597437e-13,4.008118380237848e-12,-0.029649368219754182,-2.2172426364566857e-11,1.9213020568849512e-10
EX_met__L_e_m,-0.059354563017424,-0.0687599999893034,-0.05972931226226506,-0.048000637583325394,-0.040335202333834204,-0.06876000000523022,-0.06355907245963546,-0.06625679261386637,-0.06876000003814954
EX_mobd_e_m,-0.47200207042243053,-5.701112892129166e-12,-2.2026840569417962e-12,-3.281148870875476e-12,-9.034874543836113e-13,-1.0674135218400435e-11,-0.25840406527291765,-6.191147284622796e-11,-2.280452042200215e-11
EX_uaagmda_e_m,-0.031399078210499295,-0.034380000001130596,-0.03438000002385258,-0.006610043673140504,-0.03437999999154564,-0.034379999994220166,-0.03417741858839212,-0.0343799999858344,-0.03438000002163247
EX_udcpdp_e_m,-0.02249900694362593,0.013786345941089285,0.011254224814820541,3.11259696727929e-11,0.024583056332269097,0.02404964521108726,-0.030748616794828938,0.02698890114197605,0.015355574417928014
EX_mso3_e_m,-0.0023634787886288896,7.03199448770065e-13,6.083168203123828e-12,1.3888970913354844e-14,-6.701611015921824e-14,-1.5766858509541212e-12,-0.0001192290187793926,-6.707116230778516e-12,-5.781834533931605e-10
EX_ncam_e_m,-3.4623272292233056e-05,-2.221301319017556e-05,-0.0005043523877099476,-1.6120456003545024e-10,-1.2522508905838496e-11,-2.5705503275056116e-12,-0.00015594190573319408,-5.941244877183848e-11,-4.97620516563182e-12
EX_no3_e_m,-0.03417920377749336,-0.03438000000236422,-0.03438000003037727,-0.03437999999983094,-0.03437999999994211,-0.034380000008989005,-0.034364238068675224,-0.034380000025013555,-0.03438000004191546
EX_no_e_m,-0.03437999999851067,-0.03438000000136782,-0.03438000002903199,-0.03437999999882067,-0.0343799999996065,-0.03438000000530279,-0.03395476707107714,-0.034379999996600824,-0.03438000004051966
EX_pnto__R_e_m,0.06814132792567709,-9.426071471202092e-13,-1.1149806013988102e-11,-4.994200211220273e-07,-9.425717118854014e-05,-2.8454106044643553e-10,0.3030860870022055,-9.601624976919333e-11,-6.160097141110456e-10
EX_ptrc_e_m,-0.03401954337382178,-1.8554846240019686e-11,-2.3750024589120265e-11,-6.024319785298456e-12,-0.0003851069137188183,-8.592047982538643e-11,-0.03405930631340274,-1.1493694046694018e-10,0.025283847858544945
EX_pullulan1200_e_m,-0.03342980276146476,3.85675071873183e-13,1.8418265462030468e-12,-0.009456926158283278,-0.007767752655739662,-0.008661793306540714,-0.03412560841908003,1.6038276280450924e-13,7.785614870348578e-13
EX_so4_e_m,-3.430336169824597,-0.0023473175923056176,-0.0023372186271806497,-0.0023815808096377977,-0.0023902970376517376,-2.6631247719838,-3.4379041707074163,-1.1874110889445928,-3.4380000000409208
EX_trp__L_e_m,-0.05723129311919496,-0.06875999999959855,-0.012560328068553435,-0.005472853076578683,-0.0035610872285282143,-0.06876000000154271,-0.06797943309832562,-0.0007645234138850592,-0.0013884959362878153
EX_tyr__L_e_m,-0.0006374282092163881,-0.0006888290890201379,-0.000719818596187397,-0.0003735156614689813,-0.0004209682337520103,-0.0005992134952520393,-0.0019960426730253125,-0.0006310461930671393,-0.002146255486908548
EX_val__L_e_m,-0.02501199057066087,-0.06875999999854365,-0.06876000002383206,-0.06875999999900378,-0.06875999999965081,-0.06876000000383234,-0.060990020799113455,-0.06876000001413506,-0.06876000002680417
EX_raffin_e_m,-0.034379999977769166,-1.122243375503515e-11,-1.2870435686084592e-11,-1.0090359152313078e-11,-3.122897473245677e-12,-7.033658548038966e-10,-0.033050116528104585,-1.1444266627934613e-10,-3.9093754390015276e-10
EX_rbt_e_m,-0.02910783855412253,-3.4921609065047376e-12,-1.3864555411608863e-11,-3.322431733932706e-12,-3.65554346665673e-12,-1.0078013453090962e-11,-0.030548325901732065,-4.175189393584336e-11,-4.3342562423509334e-11
EX_spmd_e_m,0.12519998267265206,5.320004119812397e-12,2.186838342888095e-12,7.113752117030272e-12,2.201704243640748e-12,4.245681162771291e-11,1.2717407600746775,7.205521268951182e-11,0.8424485740955016
EX_rib__D_e_m,-0.0171602123869683,-0.034379999999720925,-0.03438000002900703,-0.03437999999915027,-0.03437999999977145,-0.03438000000489159,-0.022414096322138394,-0.03438000001122067,-0.03438000003823047
EX_salchs4fe_e_m,-0.033223578039958034,-1.0614784072691648e-11,-2.014381913881932e-11,-1.676362480316875e-11,-7.4569960148212e-12,-5.4610000482941005e-11,-0.03286631673756667,-3.032036676951017e-10,-8.784415064257154e-11
EX_salchs4_e_m,0.03322357803986306,1.0498537445928407e-11,1.8340779615789723e-11,1.4305498370789835e-11,5.842924497305085e-12,5.50588098958261e-11,0.03288300267182999,2.902332250256562e-10,8.960693658188196e-11
EX_sbt__D_e_m,-0.03219518040600422,-0.03437999996901652,-0.0012078825554438424,-4.384936481687043e-11,-1.0143109905831344e-11,-2.7273570080015384e-11,-0.03244439830682762,-1.587280901515824e-10,-0.034380000032392874
EX_skm_e_m,0.030566224999084103,-0.017886232962476763,-0.01926244934871061,-0.03417612657014112,-0.03437999999886029,-0.0035315686002267256,0.007981387910101676,0.005582733017872289,-0.0029534968634600655
EX_s_e_m,1.6789696499552162,0.00031128176633475244,0.010699761029190997,0.0008217802975166345,0.004376177901636671,0.02246257673120538,1.3050534330296717,0.03205925359861438,1.323112590249209e-10
EX_tartr__L_e_m,-0.03260528221443778,-0.03438000000221489,-0.03438000002715315,-0.03437999999054118,-0.03437999999725358,-0.03438000000865248,-0.03412051516129097,-0.03438000002057602,-0.03438000003576567
EX_thm_e_m,-6.500977139429852e-05,-5.795190854806161e-05,-7.319287579151979e-05,-7.635968338401742e-05,-8.053275126973203e-05,-3.3111319742566546e-05,-7.239853775640175e-05,-2.9987112703567835e-05,-6.57079606775064e-05
EX_thym_e_m,0.027990404160051576,-5.992477787103959e-05,-5.900820638951673e-05,-0.0003982632319495787,-9.107973072240603e-05,-3.354190034490879e-05,-0.0033761976578096852,0.008032279111052127,0.010998125980625056
EX_tre_e_m,-0.03309975651047383,-0.034379999994018653,-0.03438000001537946,-0.03437999997642133,-0.03437999999803731,-0.03438000000418954,-0.033506002847932245,-0.03437999997326324,-0.03438000003717574
EX_tsul_e_m,-0.03437999998376274,-0.03438000000239302,-0.03438000002966558,-0.034379999992988526,-0.03437999999970193,-0.03438000000926331,-0.03347400554744999,-0.034380000022976705,-0.03438000003903921
EX_tton_e_m,-0.03335031963787567,-0.003191304151341439,-0.00585440808820664,-0.0017147456363562732,-0.007726127192177581,-0.018096618695216667,-0.03320721741318322,-0.005636111603188066,-0.03438000003846216
EX_udcpp_e_m,0.07759450454637064,0.0016217635321534513,1.9135528152658112e-10,2.3741867432324847e-11,6.148767861033818e-12,5.029991285906638e-11,0.028301934841272063,3.9499914008561224e-10,2.742476335992371e-10
EX_ura_e_m,-0.02711718802597715,-0.034380000001155535,-0.012093312144719929,-0.023849626816895307,-0.02659215715469867,0.02242330608312724,-0.03314924170057103,0.015020084110542368,0.08926427543578279
EX_xan_e_m,0.11960059728943924,0.03437999999417414,0.024662936867583113,0.01661244934216499,0.018346938888715976,0.012420279298520036,0.14280280093995323,0.0008838603434755985,-0.03437999992256267
EX_xtsn_e_m,-0.026958333073574967,-0.03437999999552042,-0.02321877270219452,-0.013609487428067925,-0.009014064485946705,-0.034379999990328605,-0.028109644057519617,0.011569835962188942,0.031199185134239724
EX_xyl__D_e_m,-0.03252282165966388,-0.034379999844524355,-1.0792269375573557e-11,-1.5935019169151352e-11,-4.043649519625878e-12,-9.106632298009654e-11,-0.03148494040148488,-2.080976852062679e-10,-0.0033699590040453284
EX_2hxmp_e_m,0.030618537282974034,0.03438000001804615,0.03437999917298916,0.034379998575682205,0.03437999987491497,0.034379997633075025,0.03198706494734657,0.0025644011839968043,0.008942754817188765
EX_3oxoadp_e_m,-0.02850143540961115,-0.03438000000092385,-4.690622043139869e-12,-2.8274725859178444e-12,-3.3025673885383526e-12,-0.03438000000489792,-0.029325276564359914,-2.2046951146657825e-11,-1.7525509080412866e-11
EX_LalaDgluMdap_e_m,0.0019657053720762746,0.006388189813711417,-0.00609753188585148,-0.001496409438906982,0.004872260666894753,0.029556171168854267,-0.03088339120779346,-0.0017444929634447268,-0.005341468774593451
EX_5mtr_e_m,0.05533149985844401,-2.9734127612085653e-11,-2.4151535506098957e-12,-1.3088604320824791e-12,-5.218714133911717e-13,-0.003575679794868795,0.04061067738508873,-1.5787474682949556e-12,-0.00046110013768935155
EX_6pgc_e_m,-0.02859089371600982,-0.03438000000109802,-0.02746381962836314,-0.006339835217864956,-0.011167062403920541,-0.03438000000534306,-0.03142988116907955,-0.0023797367387306994,-0.008198157482910232
EX_4abut_e_m,-0.00668688505396331,1.5951074094512746e-11,2.744513338010634e-11,3.8615045604071e-12,-4.961229591164135e-13,1.4115817331959788e-11,-0.03326697855489316,4.081212459855668e-11,-1.500825337185721e-11
EX_acgam_e_m,-0.033217003265794735,-0.03437999997259348,-0.004126685093213519,-0.00033225488813873176,-0.0016711374130609932,-0.03438000000279035,-0.033907323087178046,-0.004383697069711644,-0.008130078723265112
EX_acmana_e_m,-0.03138573544265688,-2.6280658598455496e-11,-3.3524091715372594e-11,-1.0391824149665248e-11,-5.533526181829323e-12,-0.034380000001621884,-0.03379687948756711,-3.141250647375404e-10,-0.0010232572444470623
EX_ade_e_m,-0.02924930918150638,-0.03438000000078764,-0.03438000002876049,-0.03437999999840405,-0.03437999999958926,-0.03438000000805818,-0.03364128875294328,-0.03438000002234185,-0.03438000003876319
EX_anhgm_e_m,-0.024674016637191848,-0.03437999999878199,-0.007439855844290425,-0.009065230460655577,-0.005959630177980234,-0.00038528725415491966,-0.03394297215247785,-0.0008475952956736641,-0.0005359774952453598
EX_arbt_e_m,-0.03059799369584442,-0.034379999996866674,-0.034380000015758784,-0.03437999999244334,-0.03437999999811163,-0.03437999999464221,-0.03200114349211129,-0.002564401281186296,-0.008942754734915442
EX_ala_B_e_m,-0.01625804554006339,-3.9842944560554124e-13,-1.74899741863562e-12,-3.6155922199846234e-13,-1.9643295730017333e-13,-3.647592203097334e-12,-0.026935228543482855,-9.492526617025719e-12,-1.0045357187558197e-11
EX_but_e_m,-0.034379999999648886,-0.03438000000192408,-0.03438000003073283,-0.034379999999610535,-0.03437999999965462,-0.034380000006645386,-0.02663998449315948,-0.034379999928319076,-0.01604910737670191
EX_bz_e_m,0.22914583036589567,-6.127223300507075e-06,-2.1252121437989722e-05,-2.8987279603759347e-05,-2.5963155236362683e-05,0.01901074039225312,0.2076933794832925,0.006705649484876371,-2.0885347816124952e-05
EX_chols_e_m,-0.03174724211535057,-2.7195637396362618e-11,-2.4054383745286514e-11,-1.1411092611565852e-11,-2.742763979899202e-12,-5.024548844675982e-11,-0.03375371633186469,-2.823290505012792e-10,-0.0001489470266279216
EX_coa_e_m,0.04390821348866521,-3.5159909713317623e-06,-4.3711590219950864e-05,-5.202622326178751e-05,-2.7735989704949053e-07,-7.917748843916407e-11,0.008772336825277784,-3.9488985545069286e-09,-7.14883877918789e-09
EX_cu_e_m,-2.762555177151174e-12,7.832561248509599e-13,4.119513323564936e-12,3.2714181459579415e-13,2.7885655131871847e-14,4.638444299734843e-13,-6.225561479722687e-11,3.690475260491336e-12,5.857196786853674e-12
EX_cyst__L_e_m,-0.02859055829047981,-0.001356372675417808,-0.0024396265446471584,-0.0005966384297218034,-0.0010493692079742813,-0.0009402768452495509,-0.03399454354174978,-0.00021191506512982712,-0.00020856513316672208
EX_dca_e_m,-0.02930274257745347,-2.651455577596652e-13,1.0806812012519412e-13,-1.7626212650759563e-12,-5.061296045815161e-13,-4.614677457965007e-12,-0.022371164795535546,-1.1094496046112652e-11,-1.0759175798283697e-11
EX_ethso3_e_m,-6.962627538312603e-13,1.7057403433295167e-14,7.10464854923733e-13,-3.857822914691794e-14,1.3450385007942639e-14,-1.099517539911979e-13,-1.0912109858389166e-11,-6.184427053934788e-13,6.392589320359224e-14
EX_etoh_e_m,-0.012785563891162357,-9.823300262634355e-13,-5.239076771897052e-12,-2.3445365549879375e-12,-1.230824438583544e-12,-4.559899795066159e-12,-0.007485648652295368,-4.580876748374068e-11,-4.3306070939689793e-11
EX_h2_e_m,0.0,0.0,0.0,-3.3799999999977235,-3.4429999999992615,-3.364000000002948,-3.3967653100131683,-3.3340000000165513,-3.3960000000205017
EX_fuc__L_e_m,-0.028413788831128634,-2.0511479747941773e-12,-7.828419897714315e-12,-1.3514765946192223e-12,-2.4117465896064253e-13,-1.62724690925343e-11,-0.030244033393187573,-2.0247424086831702e-11,-1.2414970036375034e-11
EX_gam_e_m,-0.03282580264415024,-0.03437999999987361,-0.03438000002325575,-0.0343799999979639,-0.034379999999319025,-0.03438000000586574,-0.03388317954876223,-0.03437999999559272,-0.034380000034907265
EX_glucan6_e_m,-0.03182593980276167,-0.0343799999834257,-1.3327002795302683e-11,-2.282179518464632e-11,-5.4703153995274305e-12,-0.003999510022855223,-0.03332050403997962,-6.19437188527e-11,-0.034380000035357725
EX_glucan4_e_m,-0.031239739729865025,-0.03437999995159463,-8.209875826405262e-12,-1.4235882053738443e-11,-3.7516621634450565e-12,-1.5089306775830736e-11,-0.032734158940135316,-5.929864323103172e-11,-0.0343800000253533
EX_glyc_e_m,0.15526426645930175,0.055464940701956685,5.202606015666336e-10,1.1563925946028754e-11,8.464361127817958e-12,3.438126415698639e-10,0.22213984365422013,0.004957774933797327,-0.03437999994469623
EX_gua_e_m,-0.028153641473858057,-0.020774215377036415,-0.034380000013419953,-0.034379999983006684,0.0009993264519146537,0.09749551787446267,-0.03360286528690347,-0.03438000002037949,-0.03438000000952739
EX_pheme_e_m,0.009652290368187297,2.6367126186456065e-14,-1.7799691996497028e-12,1.0457887055078607e-12,1.3984494716883376e-13,1.5923210403455599e-12,0.003157925497791253,1.087896312789724e-11,3.045430481807908e-12
EX_his__L_e_m,-0.06780385875949652,-0.06876000000204309,-0.06876000001657087,-0.04320466124242735,-0.015911395400083576,-0.06876000000910434,-0.06853930258294247,-0.0687600000204622,-0.06876000003953181
EX_hqn_e_m,0.0305979936959623,0.03438000002471205,0.03438000926264446,0.034380003615293676,0.03437999990034888,0.034380001421422696,0.03200114349240188,0.002564399702801497,0.008942754739340347
EX_hxan_e_m,-0.0264467622646804,0.10668402390408198,-0.0007293844335071291,-0.006066371755041593,0.06836065430602437,0.22240324734620287,-0.025913152674803167,-0.03438000001911157,-0.014426000036060002
EX_Larab_e_m,-0.03133830348450783,-2.232168702130611e-11,-4.5002552011943324e-11,-2.1354868184787497e-11,1.465704543686479e-14,-0.015943338885985012,-0.03251787177495118,-4.820090459185306e-11,-5.414369097941667e-12
EX_lmn2_e_m,-0.020110092480049226,1.0650341204338472e-11,2.360117738322182e-10,4.465447581505285e-11,2.2336909969496562e-11,6.243146840869806e-11,-0.029341809644993014,7.518685786627985e-11,6.676103867534052e-12
EX_lmn30_e_m,-0.033446742643371795,-7.1548190257570785e-12,-1.8092624980637507e-11,-3.777625329595729e-12,-1.980473679772889e-12,-6.0416814821801165e-12,-0.03405072312697832,-6.347212813630311e-12,-2.3422574108264043e-12
EX_man_e_m,-0.03082252046151296,-0.03437999998486941,-0.03437999999893831,-0.03437999994716812,-0.034379999995932733,-0.03437999999687209,-0.03176121564009293,-0.034379998149259634,-0.034380000031934456
EX_murein5px3p_e_m,0.0073051944921092805,1.0774751371804387e-11,3.0436702887078954e-11,6.130541305663972e-12,3.489453764539601e-12,1.2895046278412858e-10,0.006624326648383132,3.5827109663472754e-11,1.5266208793022678e-11
EX_murein5p5p5p_e_m,-0.03182440354986449,-0.034380000002135806,-0.034380000029387535,-0.03437999999876025,-0.034379999999682005,-0.0343800000070715,-0.034124997142302334,-0.03438000001631416,-0.034380000035775994
EX_mnl_e_m,-0.02977590707355953,-8.1142196986902e-12,-0.0012080482221899786,-0.034379999915687784,-1.2492099218691746e-11,-2.5171136925539456e-10,-0.030166343285978912,-1.384746017759407e-10,-0.03438000003233563
EX_nac_e_m,-0.00019327081129471083,-6.846513866391371e-05,-0.0001531920161579083,-0.0006867477253187866,-0.0005121677349501639,-6.832637112487288e-05,-2.7613251154980153e-05,-0.0002860808253597005,-9.324578510750796e-05
EX_no2_e_m,-0.034039837033446256,-0.03438000000227879,-0.034380000030079655,-0.03437999999972949,-0.03437999999988964,-0.03438000000869585,-0.03435924351803487,-0.03438000002499708,-0.034380000041901886
EX_octa_e_m,-0.025841966411200047,3.0217071914427225e-13,1.2965615519409264e-12,-5.116109926115059e-13,-7.648416363897002e-14,-1.6473987642467463e-12,-0.015146655537184535,-4.418907101388502e-12,-3.5439685602378334e-12
EX_pac_e_m,-0.028262864268640924,-0.03438000000245566,-0.03438000003069327,-0.03437999999988505,-0.03437999999997769,-0.03438000000942094,-0.02708854453667253,-0.03438000002441688,-0.03438000003734372
EX_ppa_e_m,-0.03080388586172503,-0.03438000000215641,-0.03438000002873386,-0.004517057693589666,-0.0030774426513823544,-0.010495495781742479,-0.029408327758042464,-0.03438000000693004,-0.011891433039682174
EX_pyr_e_m,0.9054914398857488,-0.03437999999795444,0.106900861691324,0.7298419134061448,0.09031552441109843,-0.0343800000014247,0.5279818570342449,-0.03437999986465385,-0.03437999994649171
EX_urea_e_m,-0.02831075469664681,-1.202109546311567e-12,-4.538542499480156e-12,-5.391438116375869e-13,3.026395901063126e-14,-0.034379999989910016,-0.034216407896103584,-0.034379999202625196,-0.034380000041118665
EX_salcn_e_m,-0.03061853728307947,-0.034379999996866674,-0.03438000001575876,-0.03437999999244334,-0.03437999999811163,-0.03437999999464221,-0.03198706494720052,-0.002564400469692223,-0.008942754808511868
EX_tol_e_m,-2.834265206865696e-12,8.95670605098864e-13,5.5644157777457665e-12,1.3502773560263669e-12,6.15229808860532e-13,2.313569611798706e-12,1.5060959147484467,2.9532615814927345e-12,0.22872862151650586
EX_xylan4_e_m,-0.03170238931706482,-0.000714644102758356,-0.030063683679225833,-0.029898971940601125,-0.008406505371593504,-0.0009018349918076203,-0.03235670015079192,-0.008594950185807531,-0.034380000028187925
EX_xyl3_e_m,-0.030332194495271428,-0.03437999996590753,-3.5679342729796866e-11,-1.384485729901763e-11,-7.1923611870451974e-12,-8.26845279728967e-11,-0.030878349670082145,-0.0015178935578783,-0.03437999962623167
EX_xylb_e_m,-0.02936826471453262,-0.01951183632797726,-9.063643299480206e-12,-7.13650692507294e-12,-2.515001262226133e-12,-1.2625169511750106e-11,-0.02975318921471201,-6.823154119534683e-11,-1.5499360087054598e-11
EX_3gmp_e_m,-0.030920939250389155,-0.03438000000148703,-0.03438000000939551,-0.0020290240373655073,-0.012457545994395938,-0.03438000000473102,-0.03432783442436914,-0.010985516590112038,-0.034380000041696536
EX_4hbald_e_m,-0.017876135987511775,-4.3020203658063347e-13,-1.4415011665218011e-12,-2.6586815947319277e-12,-8.101724323576425e-13,-1.0857646349698462e-12,-0.02522311285786598,-1.1216873118029405e-11,-1.4384391931082318e-11
EX_4hba_e_m,-0.0031499175188915525,3.6593828640595123e-13,1.0060541927300212e-12,-4.205683767069449e-13,-1.9463262689736113e-13,-2.1245804577822453e-12,-0.00029725189199486204,9.06087651697587e-12,3.0023457340606444e-12
EX_adn_e_m,-0.03075857725113018,-0.034380000001298004,-0.028938035034028916,-0.001143806675261372,1.0192143732422442e-12,-0.03438000000542477,-0.03376588090317395,7.895212853728473e-11,-0.0007096705956966468
EX_ins_e_m,-0.02956841508185587,-0.03438000000116802,0.04685307359619873,-0.0003347426711255877,-0.0015246171792623858,-0.0343800000046876,-0.030741325615415795,-0.0056406052493933965,-0.0062611319280756654
EX_asn__L_e_m,-0.0670432983404245,-0.06876000000204376,-0.06876000002926963,-0.0687599999981147,-0.06875999999908464,-0.0687600000083241,-0.06837772640965185,-0.06876000002091019,-0.06876000003757636
EX_alltn_e_m,-0.032930454108220965,-0.026495424839252584,-0.0010163743010032805,-0.002728082132767765,-2.5827135167134153e-12,-0.03438000000777012,-0.03427029088858212,-6.195421653347461e-11,-0.034380000037927926
EX_aso3_e_m,0.032102205940590794,0.034379995196914336,0.03437996967364062,0.03151195576358655,0.03437999976850745,0.03438000320616946,0.03304745981184902,0.03438019688952511,0.034379997051783726
EX_aso4_e_m,-0.03210220594036132,-0.03438000000176789,-0.034380000026954724,-0.03151195694523547,-0.03437999999914401,-0.03437999998378815,-0.03304745974296823,-0.03438000001861691,-0.034380000037960476
EX_citr__L_e_m,-0.03254852467518585,-0.034379999933043595,-0.03438000001934961,-0.0057278516895928515,-0.03155141363189552,-0.00037918585955086563,-0.03412333247707344,-0.006736567911542579,-0.0018567533757708977
EX_lipa_cold_e_m,0.04544338900397209,6.487153483315531e-13,2.1812203155796326e-12,5.28466521619193e-13,2.2865482752426786e-13,2.3365836444046262e-12,0.006919654293697543,1.6038758382062573e-11,-9.59175361978693e-13
EX_oxa_e_m,-0.026434758982227784,-8.681336426765495e-13,-5.771601328636029e-11,-5.414643945219274e-10,-0.02265244634565133,-5.943099921449138e-11,-0.029621620741451568,-3.9110014224863014e-10,4.199316660547202e-06
EX_cytd_e_m,-0.032007570037595925,-0.03437999999955891,-0.034380000007072295,-0.011107297108493765,-0.026338826006279556,-0.011070982101275295,-0.03399580294305399,-0.0162073268946967,-0.034379999891130615
EX_dad_2_e_m,-0.031137787811044947,-0.03438000000137886,-0.03438000002421116,-0.0005342051906479693,-0.03437999999836371,-0.03438000000629714,-0.03374736310048804,-0.02133169967113677,-0.03003191909961973
EX_din_e_m,-0.03088563629920129,-0.034380000001328105,-0.034380000021604094,-0.0006392599078590901,-0.03437999999831885,-0.03438000000612207,-0.030580768846990052,-5.813139182733035e-11,-9.438434233487665e-11
EX_dcyt_e_m,-0.03191458148543306,-2.4283263719228365e-05,-0.030431228881249106,-0.004466315876834455,-1.6770704986205342e-05,-0.015375575737584378,-0.03397785886522837,-0.018570214547345976,-6.08120657270832e-11
EX_dgsn_e_m,-0.030699142197161924,-0.03438000000133913,-0.03438000002484902,-0.03437999998300666,-0.034379999998318894,-0.03438000000612067,-0.03369536119293467,-0.034379999891995104,-0.034379999966512746
EX_ser__D_e_m,-0.022630486355920253,-0.034380000001424556,-0.034380000025212076,0.005238036017269283,-0.030499714212585002,-0.03437999999920189,-0.03360127987348185,-0.034379999983880916,-0.03438000001600408
EX_duri_e_m,-0.03162715169459197,-3.9424322426978385e-12,-9.26546016679275e-12,-4.023509472304807e-12,-2.309670203057492e-12,-0.0343799999852512,-0.03357450797724165,-3.683997105559384e-11,-0.03438000003134687
EX_eca4colipa_e_m,0.001431366647011688,9.690082443669828e-14,-5.11895744082726e-12,3.66554271106128e-13,-2.476027894882064e-13,7.70166003228014e-13,0.0007794956822986452,-1.6055705645514628e-12,1.9672860957472847e-12
EX_enlipa_e_m,0.0651126935039354,4.876295223273186e-13,4.231081418386188e-13,1.553023698368691e-12,4.65447401736021e-13,2.223418635289563e-12,0.01965518635859969,2.0634322525605306e-11,8.56904535850265e-12
EX_fol_e_m,0.061756920839098464,-0.0003203114525573675,-0.00028796482175357646,-0.00018144017395191507,-0.00020322080724381717,-0.00025798248899635434,0.007114827323429637,-0.00019052354460692578,-0.00015061598366612435
EX_g1p_e_m,-0.033864161950520104,-6.7678062325431204e-12,-1.0355530436765007e-11,-3.4275439084235182e-12,-4.352324123527715e-12,-1.9287047683043874e-11,-0.03380144469778359,-0.01652825241427549,-0.025812430341436283
EX_g3pe_e_m,0.361431422353996,-0.00090938018035657,-0.0028314788848798037,-0.002029309991661236,-0.000627570959997186,-0.0005163667471048608,0.0744945309735554,9.916029892293473e-11,7.374179579559392e-11
EX_glcur1p_e_m,-0.0289036632067913,-1.7141448594349653e-11,-2.0805457747885384e-11,-1.358290785511251e-12,-1.7245982961014493e-12,-8.708303302157355e-11,-0.03020925314860549,-1.5580205705782805e-11,-3.5199677333893554e-11
EX_gm1lipa_e_m,0.03131263289029528,3.8992347664866144e-13,7.1202222345477954e-12,9.217872193968484e-13,3.040007600692429e-13,1.5698199607201398e-12,0.010043434608821471,1.2775974904689758e-11,8.596436991583831e-12
EX_gm2lipa_e_m,0.02814149874319588,2.842292442168587e-13,-8.25191926830738e-12,8.540098780015131e-13,-1.453038474211764e-13,2.032665950090474e-12,0.011104596775564142,1.2730361799863295e-11,7.868500263307132e-12
EX_gsn_e_m,-0.03069472322875153,-0.034380000001182145,-0.017794031373058676,-0.0013715906656124749,3.0341962855083874e-12,-0.034380000004689173,-0.033708867297205236,1.4065996761117795e-10,3.0512668982795357e-11
EX_hxa_e_m,-0.011004876486986037,-4.262482633201873e-11,-1.2259645489082719e-11,-3.328192980032073e-12,-2.3738166263888433e-12,-0.030586655236133686,-0.005770989702554222,-1.0833362282416276e-11,-1.4302803881911324e-11
EX_indole_e_m,0.047082823946644176,0.05649625083665271,-0.000763181373428933,-0.0002545798366719832,-0.003974462081459398,0.06644392371933448,0.09310257544846055,-1.4747051258425503e-10,-0.000864542314388971
EX_kdo2lipid4_e_m,0.01293018250726607,-7.250577907716278e-13,-2.7577752150060197e-12,-3.5845350682446134e-13,4.207452997403274e-14,-1.7861055671230622e-13,0.005214555632765623,9.717619287984838e-13,-1.1951776335144257e-12
EX_LalaLglu_e_m,-0.03176520980278741,-0.03438000000092069,-0.006486038069090865,-0.002555380732425858,-1.2841541948784934e-12,-0.01347810689152832,-0.033976476657392375,-0.0011287325364586329,-0.0018117613136719845
EX_lipa_e_m,0.011310984178379448,-4.628927233659364e-13,-9.698118433457106e-13,-5.036387572328416e-13,2.959671801772758e-14,-6.362009223132469e-13,0.014980926096932766,-1.1131659839343837e-12,-2.998880631350012e-12
EX_n2o_e_m,0.017189999979591173,0.01719000012781191,0.017190010652307054,0.017189997671005486,0.01719000037340953,0.017190000330630142,0.007255513216641288,7.551846177072851e-11,0.017189978218901666
EX_uri_e_m,-0.03143529221357606,-0.034379999999196824,-0.0332414070225699,-0.0005721376744354014,-8.735044042533359e-11,-1.7959532549334958e-11,-0.03357154235273391,4.977834865008022e-11,-0.0005269329064692747
EX_udcpo5_e_m,0.07355824394538457,-3.349626611723868e-14,-3.4184930669800216e-12,1.880978113308396e-12,5.816159936935768e-13,-9.15358577218371e-14,0.0992286547743357,5.824112992091395e-11,7.280905226993703e-11
EX_progly_e_m,-0.033902607427393615,-0.03438000000231927,-0.0343800000303652,-0.03437999999953476,-0.03437999999989271,-0.03438000000889324,-0.03403288280696405,-0.03438000002246659,-0.03438000003961639
EX_so3_e_m,-3.432625896260662,-3.4380000000023734,-3.438000000029545,-3.4379999999962254,-3.4379999999988446,-3.438000000009195,-3.436000637794297,-3.4380000000231576,-3.438000000038953
EX_thymd_e_m,0.002248281265190745,-1.3061389394253846e-11,-0.0036607934846257855,-0.00020916079522215054,-0.0015174571953211066,8.084042158676228e-12,-0.0006447626466980219,-5.609673863050904e-05,-9.228636723688823e-05
EX_2dhglcn_e_m,-0.030829960102638283,,-2.0022973873462637e-12,-8.676167080597926e-13,,-0.034379999999651696,-0.03196382079952598,-0.03437999984154597,-0.03437999999910611
EX_hco3_e_m,-0.02151952105193776,-4.528246925151902e-12,-2.702258570379702e-12,-2.311838211802857e-12,-5.189815952024837e-13,-7.026779516473902e-12,-0.02473266561925237,-3.007794334822352e-11,-2.1177721756251038e-10
EX_3hoxpac_e_m,-3.0693681328909937e-12,-1.2315411674203571e-13,-1.9329279749805237e-13,-5.020016412103613e-13,-1.0197287577223193e-14,-1.098192671164337e-12,-1.9280334274757368e-11,,
EX_araban__L_e_m,-0.029744114366810754,,-1.6881498938051581e-12,-5.377295494658951e-13,,-2.8809023640569326e-12,-0.03217829997477316,,
EX_acnam_e_m,-0.030340494543750006,-7.237283491465052e-13,-0.00013930755384226247,-5.4462222117843806e-05,-2.0645622590227043e-13,-0.00019743619706295664,-0.033638443826394936,-3.3653460601094666e-11,-3.8779057378573954e-11
EX_cit_e_m,-0.029546850665347617,-0.004813934065250012,-0.004338192063707872,-0.006535785463098537,-0.006286860284082003,-0.03438000000547543,-0.034118385230742995,-0.03437999916240176,-0.03438000003651417
EX_co_e_m,5.181590867320555e-13,2.928629344686204e-12,7.377433614564875e-12,7.12184707389612e-13,3.824190694678359e-14,1.938330959035214e-12,-2.619234428229229e-10,9.499046083213405e-12,3.618722860709033e-12
EX_diact_e_m,0.33887496041922044,4.196100689517383e-12,1.8531666344147568e-11,1.6773867971782718e-11,3.3155615604266954e-12,1.0886255105721867e-11,0.2764239152780319,5.51033362599334e-11,9.573298886962184e-11
EX_lac__D_e_m,0.02917292648931143,1.6365871942532673e-12,2.2222839761584562e-11,3.0056127962382655e-12,5.762321470948034e-13,1.5405210119265824e-09,6.896266322245813,6.332652796404141e-11,4.094504961724432e-11
EX_galman4_e_m,-0.002434351557030867,-6.6041116875700866e-12,-3.588339801686636e-11,-1.3004294949675558e-11,-3.88710900280867e-13,-1.5515795449410585e-11,0.020371970940376294,-6.7644087581687235e-12,-5.528795224439318e-12
EX_galman600_e_m,-0.03133152964606737,,8.563825383285509e-14,3.9663593544854714e-13,,2.3044641507961367e-13,-0.0030136021137943717,,
EX_galman6_e_m,-0.00856698587044491,-3.216137682577398e-12,-2.1972114629669626e-11,-6.535553936863543e-12,-2.493898287830313e-13,-7.974990156792729e-12,0.02113077562771759,-2.1165698715270754e-12,-3.164271917412946e-12
EX_glcman4_e_m,-0.007752860004229034,-0.034379999951594714,-3.985086491703239e-11,-1.754986375805438e-11,-1.051024933208031e-12,-1.7219497788230002e-11,0.01011850166174838,-1.9970866578990504e-11,-9.953215709255163e-12
EX_glcman600_e_m,-0.03403172667090026,,-1.889655070818959e-13,3.9064897578097035e-13,,2.296979855720336e-13,-0.024228093585192623,,
EX_glcman6_e_m,-0.015411788350994993,-0.034379999983425905,-3.22311287959415e-11,-1.7517413813764732e-11,-1.7169800190409834e-12,-1.4794782401436117e-11,0.003147171811286764,-1.345926828201569e-11,-5.31593123418429e-12
EX_glcr_e_m,-0.031149646183035857,0.0,-1.7056999916589554e-11,-8.355444182988576e-12,3.2311742677852644e-26,-0.010297980797916387,-0.032290233255741346,,
EX_glycogen_e_m,-0.010953074647634306,,-9.588911375376897e-05,-6.181823935389736e-05,,-0.00013612090795106965,-0.006638700872646439,,-3.7857175620466565e-12
EX_manb_e_m,-0.023345645478108128,-5.6749586599563105e-11,-3.235938859106011e-12,-3.2436521836075694e-12,-5.307649857708319e-13,-3.956840809949965e-12,-0.021953028308486316,-1.3030943874929601e-11,-9.602481891893513e-12
EX_rmn_e_m,-0.029963878881466174,-1.4426227012118347e-12,-4.412679876921661e-12,-2.5838101986157017e-12,-5.576446473319531e-13,-7.77942325604795e-12,-0.030425203831592182,-6.061511519928435e-11,-3.026895767533985e-11
EX_sucr_e_m,-0.032926798966996663,-0.03437999999119775,-0.03437999994158049,-0.03437999997642133,-0.034379999994276975,-0.034380000004836125,-0.03348726865013405,-0.03437999998974019,-0.03438000003726487
EX_xylu__L_e_m,-0.030659856779091183,-5.481574913088252e-11,-2.120970192839041e-10,-3.7406197711061255e-11,-3.9765912750135525e-11,-0.0021652450165747616,-0.0319227116101802,-4.259143755410944e-10,-0.0031757727258652506
EX_23camp_e_m,-0.0314772717720735,-0.017026735552917692,-1.2026142791442292e-11,-5.8828978248151815e-12,-1.7947457051468573e-12,-0.03438000000431731,-0.03378996444995202,-8.191444893118499e-11,-2.0993989172285977e-10
EX_23ccmp_e_m,-0.03221222580242483,-3.3708620241190135e-12,-1.747688146267637e-11,-5.874182856427831e-12,-1.8165024863799288e-12,-2.7423925506833935e-11,-0.03400624115229443,-8.574664788949727e-11,-0.014190732832338439
EX_23cgmp_e_m,-0.0312529479047131,-2.964730399817986e-11,-1.2037607428710767e-11,-5.881471360912252e-12,-1.794776026241205e-12,-0.03438000000309722,-0.033733241750229986,-8.193224824982876e-11,-2.0177492236490877e-10
EX_23cump_e_m,-0.03187807039114707,-3.4755371766092382e-12,-1.3758906915598919e-11,-5.999522513595435e-12,-2.0162327610787286e-12,-2.6237190572810475e-11,-0.03360565143764892,-8.251501226069055e-11,-2.822709001060474e-10
EX_3amp_e_m,-0.028775588525366432,-0.000451289859567512,-0.0002519499806669222,-0.016534840872470147,-0.0005595276749604014,-0.028181857998480834,-0.03426809863399823,-0.0084498184541131,-0.034380000041142667
EX_3cmp_e_m,-0.000474043511978715,-0.0005070638417437844,-0.00041720718610360806,-0.008788443672811877,-0.0009306624758688326,-0.02284669702669158,-0.03430818139776789,-0.014260257193842605,-0.03438000004113106
EX_3ump_e_m,-0.0004501089774611535,-0.00023673107519593092,-2.82765934190202e-10,-5.236500026235088e-12,-1.2306658181900497e-11,-9.481622284657582e-12,-0.034182185311894084,-2.884974003945821e-11,-0.03437999985869635
EX_acac_e_m,-0.02905165813572261,-0.03438000000201005,-0.03438000002222597,-0.0011922151371604086,-0.011678257312306135,-0.03437999998795475,-0.014394268481404167,-0.03437999992664493,-2.791133319605951e-11
EX_acmum_e_m,-0.033333211346919626,-1.078703839971402e-12,-1.8616376574451304e-12,-1.850649607448825e-12,-4.02711202696681e-13,-3.0051507966613472e-12,-0.0050453805414486,-8.46772952087351e-12,-7.324649126116527e-12
EX_airs_e_m,-1.3902021885875187e-06,-5.540241849036215e-14,-1.362187179134012e-13,-1.6769794867978926e-13,-1.6580974766087485e-12,-4.260371117452494e-13,-8.265044041752435e-12,-3.375345796961934e-12,1.9151242738903393e-12
EX_cys__L_e_m,-2.4586280552738702e-12,1.1877383187280664e-13,4.917115748797657e-13,3.0196222829697343e-13,2.782172894301064e-14,4.714021527012506e-13,0.0007118616473306954,4.1288969132330926e-12,2.149197404009652e-12
EX_ser__L_e_m,-0.06687322936655962,-0.0035278279846996195,-0.0006466155388153968,-0.06875999999792266,-0.0687599999993923,-0.06876000000238826,-0.06871705770835193,-0.0687599999839904,-0.0687600000416119
EX_chtbs_e_m,-0.03359351887598888,-8.482622016171001e-13,-2.350998988493774e-12,-3.0232846326292983e-13,-1.1417561846171495e-13,-0.0002003315988201505,-0.03207224781455491,-8.086855448333708e-10,-0.0004435550789706501
EX_frmd_e_m,0.0061837259815770585,0.0011836816964210669,1.310553325652142e-11,5.48523375878771e-11,1.9079078133255344e-12,0.023575972221459806,0.0023216891219003553,0.02190825557126309,5.316878105300088e-10
EX_frulys_e_m,-0.0007998697405542085,-0.0007716034440143705,-0.0004325273560533731,-0.0015596900655413463,-0.0006377946299836054,-0.023699530935923398,-0.03116204933710224,-0.014272166790092551,-0.034380000037357944
EX_glyc2p_e_m,-0.030345754587186156,-2.5218657462001683e-11,-1.1319546505730732e-11,-8.411144021070967e-12,-1.3588293862519337e-12,-3.232928911358568e-11,-0.02642263899606622,-1.0096399197663846e-10,-1.2547620916876014e-11
EX_ibt_e_m,-0.008645375140555564,-2.6728783249695923e-12,-1.5427358554809096e-11,-2.9999227134329405e-12,-1.3525548829031015e-13,-5.146701340930906e-10,-0.004390352653263299,-2.688435107166311e-11,-2.4490426719007135e-11
EX_nmn_e_m,-0.01662582467179157,-0.0007890096062705398,-0.0005013428535343271,-0.0006403247859764654,-0.0005529469224584407,-0.0009700776538958353,-0.01746579350301105,-0.0007294178703862241,-0.0009748648776676815
EX_pdima_e_m,0.875195432043094,0.00023494782054199435,-7.989446823034156e-12,4.437713164153609e-12,6.052250056537809e-13,6.370795473477722e-05,0.7343666150647827,0.0011944911120575746,0.1381771405398435
EX_psclys_e_m,-0.0008354668599973563,-5.791757297750188e-12,-9.949493254525581e-12,-9.098572718745974e-12,-1.6997268359164296e-12,-1.6875241752722306e-10,-0.031054636828089167,-4.2704301879357633e-10,-0.03438000003730439
EX_pydxn_e_m,-1.7694850406363105e-06,-2.0700477505545898e-07,-6.540165464990977e-07,-4.6519133700066416e-07,-1.429352837863012e-07,-1.551904006407605e-05,-5.1741475188731745e-05,-9.267430023633875e-06,-4.670984314431771e-05
EX_tartr__D_e_m,-0.022182269186291688,-0.001048914933778408,-2.5755356721024135e-12,-1.8270840767998424e-11,-4.47584875184996e-13,-0.03221745532327644,-0.0006011089798808284,-0.019401496140324024,2.322673968659707e-12
EX_4hoxpac_e_m,-1.3922097290858282e-12,,,-1.3294021386836934e-13,,,,,
EX_dms_e_m,0.028185050358759754,0.015585143703997318,5.460342464964752e-07,0.03438000550155391,0.01819161463639961,0.03437999955912401,0.03279458884699412,0.03438000324928875,0.03438000009754825
EX_dmso_e_m,-0.028185050358748315,-0.015585143332937968,-5.3496249102754e-07,-0.034379999998381754,-0.01819161498659623,-0.03438000000065833,-0.03279458884651166,-0.03437999999348216,-0.03438000002918768
EX_fald_e_m,2.9093002963473242e-12,-3.8104832620284957e-13,-2.2719061998404616e-12,-9.53802356836609e-14,-2.0463391650755188e-14,6.826630450413644e-13,5.211596723321008e-11,1.1514401357626156e-12,-8.880634187730673e-13
EX_h2o2_e_m,7.204954096557313e-13,,,0.034379999999998016,0.03437999999995853,,,,-6.460632563038268e-14
EX_man1p_e_m,-0.026893101608666425,0.016747234141568337,-0.034380000008079545,-0.034379999998534916,-0.007413438273848028,-0.0067938069396846846,-0.030117519276245015,-0.018000755915191614,-0.03438000003085023
EX_metox_e_m,-0.013375335103265098,-0.00655897376835413,-0.010533006767240772,-0.0035603411273788716,-0.009958311952358209,-0.0005156349572115219,-0.0022921364386211465,-0.002218675076509974,-0.0010334082093041543
EX_metox__R_e_m,-0.013419304732040666,-0.006558667825391247,-0.010213281782251522,-0.03233805047822996,-0.03347556125227383,-0.005767412016461163,-0.003763968745626678,-0.010686534084110279,-0.007170546195446512
EX_n2_e_m,-0.0031296856958871323,5.0171759183015915e-12,5.865861042537049e-12,2.699023195356033e-12,9.663755144999034e-13,1.49971931271061e-11,-0.03341335169975476,0.01719000910673003,6.018308477432495e-12
EX_peamn_e_m,-7.204954096557313e-13,,,-8.55078390772994e-15,,,,,6.280748846459758e-14
EX_agm_e_m,0.0005763529233500054,3.2857827365715105e-13,5.965975230958019e-12,-3.9014405544717387e-13,-2.317474364315248e-13,-2.0259078929886085e-13,-0.034091687203315735,-1.0870431219014866e-11,-9.40176779949279e-12
EX_btd_RR_e_m,0.035016003115088165,-2.6445274302055594e-12,5.50943386482456e-13,-1.7178600977390413e-12,-3.330250270022143e-13,-2.389653933881074e-13,0.0012433483058235674,-2.4741568586811372e-11,1.331109863176279e-13
EX_fruur_e_m,-0.027387905054342215,4.3606134072494945e-11,3.839891255847242e-11,6.81681404806588e-12,1.1005759970334826e-12,,-0.029525680945928556,1.911144099158056e-10,
EX_fum_e_m,-0.022055751973714406,-0.03438000000166907,-0.034380000025650545,-0.027646478475712066,-0.03437999999738813,-0.007705530614436975,-0.027573935938617625,-0.03437999993373526,-0.034380000024981545
EX_g3pg_e_m,0.5562857991060774,2.643015258141012e-12,3.6356334178279583e-12,3.3643243364323627e-12,9.638839992838963e-13,7.340547937196807e-12,0.4655891827585865,9.100482258472906e-11,3.1646358336389766e-11
EX_idon__L_e_m,-0.024554561858877465,-0.03437999997898123,9.925929153597076e-11,1.2497241983800811e-12,1.8597382976034652e-13,0.0,-0.02990665709773469,3.6563065751515787e-10,0.0
EX_ppal_e_m,0.07872653927862293,-0.002171607383511366,1.489629093784263e-12,0.002182586956793455,1.1213934628932806e-09,-0.001729848655591683,0.14837835043116737,-0.005068313965707145,-5.072329439170823e-13
EX_gly_e_m,-0.05783428021606693,-0.06876000000197995,-0.0687600000288816,-0.06875999999889684,-0.068759999999683,-0.06876000000824782,-0.06800648288542543,-0.0687600000200365,-0.06876000003541359
EX_amylose300_e_m,-0.03382146846830413,-9.32443822162507e-13,1.0896435697545875e-12,-1.524685611272871e-12,-2.2348409207546606e-13,-0.0013199383436441894,-0.034018551123451216,-1.212236333161873e-11,-0.0343800000415817
EX_ddca_e_m,-0.02032736418959074,-1.0883768396661922e-12,-1.1997529356586472e-12,-2.1810101160750894e-12,-8.492702861591336e-13,-7.257759017772326e-12,-0.01962493337032245,-6.748481710996559e-11,-0.0343799999966641
EX_hdca_e_m,-0.02402877025755059,-8.629578179880301e-13,-1.603112438869527e-12,-1.2973669619388086e-11,-3.3696231583245204e-12,-1.035867758747508e-11,-0.023878150907739957,-6.290551549764273e-11,-0.034380000031319226
EX_hdcea_e_m,-0.0144770049841117,-2.6175488047606506e-13,-1.6999856964493073e-13,-6.472343040522434e-14,-2.0367433678673944e-14,-1.0810830620286263e-11,-0.01416815506744095,-2.0623738978644105e-11,-2.7629617131066113e-11
EX_ocdca_e_m,-0.02575177736191618,-0.000704846219152673,-1.3937302784342698e-12,-0.003349526288193943,-0.004081680855834173,-0.0001911235741794088,-0.025908647145080305,-0.0035835263967833693,-0.03438000003737113
EX_ocdcea_e_m,-0.01828516708650107,-7.759987384141287e-13,-1.851055716561743e-12,-3.2050952571868927e-12,-6.374468399008373e-13,-0.00017998530034976464,-0.015672534531348797,-0.00043376429087783994,-0.03347011370250397
EX_ttdca_e_m,-0.024062476876891024,-1.208323788837259e-12,-3.6055177808717506e-12,-6.793583000167417e-12,-2.021176319310351e-12,-1.7839905542510854e-11,-0.024560778425682824,-8.465003760759337e-11,-0.034380000026714375
EX_galctn__D_e_m,0.0,1.550963648536927e-25,-0.001295704923236819,0.0,0.0,6.203854594147708e-25,0.0,-1.2407709188295415e-24,-3.5155176033503676e-24
EX_glycogen1500_e_m,-0.03428720631155469,-0.003802266877143332,-0.005386910648305265,-0.000982394229005094,-0.0025813586299594776,-5.534766584981978e-14,-0.03429384494436891,-0.007097158210161225,-0.0049519375402525935
EX_ttdcea_e_m,-0.02246752087661502,-6.063332314774031e-13,-1.3620414716010169e-12,-8.321103274556031e-13,-5.365506096658556e-13,-1.9372417694869868e-11,-0.023843924977490293,-4.471927932215519e-11,-4.1847140806898034e-11
EX_ch4_e_m,27.102309373261683,13.884553460239621,8.208000024773568,8.201897149198626,8.480785887139646,19.666377496788947,26.28398470674605,22.221574533151216,14.44775187613875
EX_cmp_e_m,-0.032406239127735645,-0.034380000002480336,-0.034380000030623185,-0.03437999997897502,-0.03437999999341355,-0.03438000000921906,-0.03399987030165512,-0.03438000002479698,-0.0343800000363426
EX_dma_e_m,-0.029715198098085094,-0.03438000000229587,-0.034380000028156235,-5.987519133819282e-12,2.437101573142364e-13,-0.03438000000890714,-0.03377880259605249,-0.03438000002181709,-0.03438000003763958
EX_gcald_e_m,-0.011189438735828696,6.123952321960949e-05,4.517661666315604e-05,-0.03437999999803664,-0.034379999999258365,0.00010533709988131299,-0.006533058457251144,0.00010701105608950256,7.434883736746534e-05
EX_ind3ac_e_m,-0.002020537248155275,-0.01567100981355186,-0.011865069982207913,-0.022050062053534512,-0.021853480489215208,-0.022507971657324977,-0.00477245532266261,-0.02339342347494205,-0.012241004146291097
EX_Lcyst_e_m,-2.740194975317165e-12,1.8376302101341247e-13,-1.13342072908212e-11,7.515644631267624e-14,7.72501284048656e-15,2.0665782739538965e-13,-6.219185994443624e-11,7.939770724617128e-13,1.5765035432436942e-12
EX_mma_e_m,-0.02670152813420314,-0.03438000000200758,-0.03438000002408729,2.3249094423173715e-11,3.6883600990517735e-11,-0.034380000007897156,-0.0336883785788152,-0.03438000001727093,-0.03438000003351294
EX_ump_e_m,-0.03206648474156633,-0.03438000000247336,-0.034380000030607816,-0.028300669262527483,-0.026200086871239207,-0.034380000008998296,-0.03358004416018065,-0.03438000002468208,-0.034379999941572356
EX_tma_e_m,-0.031209607978382094,-0.03438000000237997,-0.03438000002922492,-2.4898106322200773e-11,0.014973354575818035,-0.034380000009200246,-0.033847820448204995,-0.034380000023139845,-0.03438000003905484
EX_14glucan_e_m,-2.2156471644356904e-11,-1.430169788863024e-12,-4.9624511846670906e-12,-3.3271271706877424e-12,-4.3518026471636575e-13,-8.920844154652688e-12,,,
EX_dha_e_m,7.372891811933521e-13,1.2088904849484447e-14,-7.058923998293153e-11,-9.88497162583467e-12,-1.5358346392798812e-12,-3.4650154370649813e-12,-0.018709982573080826,2.1055937571739798e-12,-0.03438000001074672
EX_glyald_e_m,0.003923142828513791,-0.03437999999978747,-5.418357753549022e-10,-4.21752928310529e-11,-1.4582174059308227e-11,-0.006347309960936948,-0.02230425691951332,-0.03437999981737909,-0.0343799999668873
EX_alac__S_e_m,0.47226463816861897,0.01488406028507501,0.021760904942050633,2.2414453584517853,2.516545102761656,-0.034379999974362176,0.022852764467901812,-0.0343799998778145,-0.03437999999086522
EX_bzal_e_m,-0.01588443318663493,-6.589289745741964e-13,-6.640600566680422e-13,-1.9361908312057054e-12,-6.048643385577091e-13,-2.4247582751824104e-12,-0.023124066787775524,-1.2282871326907353e-11,-9.274593349292852e-12
EX_cell6_e_m,-0.029828424364885673,-0.013275816311495287,-0.03438000002740465,-0.03437999999888298,-0.03437999999968589,-0.003948732639473134,-0.02997596399638238,-0.01838161989162833,-0.03438000003510284
EX_csn_e_m,-1.558787033033735e-05,-1.7867397129067087e-13,-3.280597623862477e-13,-6.7313334171480096e-12,-2.112288238614008e-12,-0.027718980877724668,-0.033941165479826924,-0.0005451789726468825,-0.03438000001006051
EX_damp_e_m,-0.03146989504641813,-1.841717630512418e-12,-2.7201466308722856e-12,-1.760814159132178e-11,-0.03437999999762449,-0.034380000005580204,-0.03375710621077798,-1.2649546118389974e-10,-6.701042214642075e-11
EX_dcmp_e_m,-0.03213019962988003,-4.5421188910277494e-13,-0.00015454765908101713,-1.764292079824468e-11,-5.036374989197665e-12,-1.4598191900561022e-11,-0.03398069440168046,-1.3042463662388098e-10,-5.8117333740995973e-11
EX_dgmp_e_m,-0.031145374216574557,-1.7169253082081138e-12,-2.882130193378512e-12,-0.0073893164652788544,-0.03437999999753024,-0.03438000000531918,-0.03370706840967584,-0.01912620486747793,-0.005865692996142837
EX_dtmp_e_m,0.030617909878398686,0.012334165154848838,-5.451058863005911e-05,-0.00590205899258942,-0.005805846866989525,-0.0009193442297420905,0.007235799276152327,-0.001224880308606001,-0.001070971488618052
EX_f6p_e_m,-0.024986403793256447,-0.03116510600169529,-0.034380000029850206,-0.03437999999798753,-0.03437999999941374,-0.03438000000587391,-0.024630888502947007,-0.03438000000778013,-0.034380000034510146
EX_gmp_e_m,-0.031080979715929977,-1.3791587796244656e-12,-1.6917171385671752e-12,-1.7517199214810688e-11,-4.872119034694579e-12,-0.034380000002981546,-0.03374375533977741,-0.004785608459622354,-0.008765551363022586
EX_imp_e_m,-0.030146550669001897,-1.3571579063443976e-12,-1.6766934079409841e-12,-1.749144523548998e-11,-5.249554677718604e-12,-0.03438000000298075,-0.031051706092380667,-1.2028110607435767e-10,-5.978637980464813e-11
EX_rnam_e_m,0.016287361275135078,3.496446027741432e-13,-7.682362167310022e-12,3.938941900691659e-11,1.1867674019235356e-11,2.0250038873550384e-11,0.016868154191600614,3.050889338872309e-10,1.1116537341909977e-10
EX_sula_e_m,-8.005673109768254e-13,-3.103342253889542e-14,-1.4791771505896919e-13,6.516277118294566e-13,3.34054888473534e-14,1.6226659313216407e-13,-1.2483360664652608e-11,3.235645587637398e-12,1.4505942081793875e-12
EX_tet_e_m,-0.032279535630626834,-7.398529428938558e-13,-2.3156193093474893e-12,-5.825979953964039e-13,-3.0752077893114146e-13,-1.757306097721717e-11,-0.0330389810903576,-0.0026786162435101348,-0.0018741952941225375
EX_xmp_e_m,-0.028089482581750737,-5.327313337680784e-13,-1.6952902077084249e-12,-1.8162668319642035e-11,-5.286588273440711e-12,-0.01869994286458796,-0.02914195852304276,-1.1174008487446266e-10,-5.764117374190997e-11
EX_glu__D_e_m,-0.03027264090999162,-0.03438000000232272,-0.034380000029943854,-0.03437999999895131,-0.034379999999671146,,-0.0337331149459972,-0.034380000020291984,
EX_pser__D_e_m,-0.02734051126861219,-0.03438000000072063,-0.034380000025000614,-0.0066727108887985045,-0.005083708134405604,,-0.03363630371010618,-0.0023314065360662732,
EX_quin_e_m,-0.010382814855758092,-5.121178886092182e-12,-9.913754586507815e-12,-0.00035098904393647274,-0.004822693946133175,-0.0006473986600008823,-0.022544891767338274,-0.0005327913236967726,-0.0010035626151272874
EX_urate_e_m,0.10048428608138474,1.6220075766802006e-12,1.4371097436710345e-11,0.013609487495541079,7.701182009405406e-12,0.04949577980695138,0.2247369511228048,5.4728603871356894e-11,0.033044768204145536
EX_13ppd_e_m,0.06640281466491516,0.013295067433486648,0.0343800024591913,0.02106156051617389,0.012185136016247055,0.04072730759202811,2.168753873185728,0.06380221565057649,0.03437999994953968
EX_dextrin_e_m,-0.024574429972475227,-1.3446516101707099e-11,-1.773227740574666e-11,-8.802797795261632e-11,-3.9291336123080375e-12,-4.622251236873786e-12,-0.02355409361929464,-2.789847372877995e-11,-7.73873908277332e-12
EX_cell4_e_m,-0.026206543404112943,-7.244843949666923e-11,-0.03438000002307989,-0.03437999999763059,-0.03437999999929567,-1.8584495324477537e-11,-0.02596188216719465,-9.659995894007567e-11,-0.024368217932643283
EX_2ddglcn_e_m,-0.023449871002549923,-0.03437999999271205,-5.90459388571265e-11,-3.843439262589959e-11,-3.751595031938254e-12,-0.03437999999440972,-0.021383511647760575,-0.03437999994654611,-0.03437999997214551
EX_mantr_e_m,-0.024407690124889588,-3.511382405148176e-11,-4.0286248452264544e-12,-4.166716729627029e-12,-7.325106313437366e-13,-2.993535325737146e-12,-0.02507247154673581,-1.51357850754564e-11,-1.1775837549359575e-11
EX_manttr_e_m,-0.02737844263447158,-3.8032206804574765e-11,-9.687745422402292e-12,-1.0735043877677218e-11,-1.6232241418286818e-12,-4.5651342936671206e-12,-0.03244517947952631,-2.6950762806359813e-11,-0.00497013964412187
EX_xylan12_e_m,-0.033561018424115775,-8.881728335260996e-12,-4.450865163659775e-11,-2.7776708118997136e-11,-5.603141668459616e-12,-6.4722018274245295e-12,-0.033726551155191596,-8.08903170741872e-11,-7.310680463279023e-12
EX_xylan8_e_m,-0.03311118079184199,-5.093294155404212e-12,-1.1194065455476326e-10,-5.843747964341154e-11,-1.2320776813948629e-11,-6.286812535907087e-12,-0.033390132068650685,-1.1712207282663955e-10,-3.911347272334775e-09
EX_akg_e_m,,-0.023364249286223986,,,,,,,
EX_buts_e_m,,6.783589117937317e-14,,,,,,,
EX_butso3_e_m,,-4.4713717973314204e-14,,,,-4.1710562820832575e-13,-1.453173763764517e-11,-5.66149788795294e-13,6.246777961326714e-13
EX_eths_e_m,,8.740184383725328e-14,,,,,,,
EX_hexs_e_m,,7.477353455214733e-14,,,,,,,
EX_isetac_e_m,,-4.468654261291515e-14,,,,-3.6847974152376143e-13,-2.1602884717969862e-11,,2.57068242176403e-13
EX_istnt_e_m,,7.336083413211604e-14,,,,,,,
EX_sulfac_e_m,,-5.479425468053934e-14,,,,,,,
EX_tmao_e_m,,-0.03438000000237215,,,-0.014973354618470824,-0.03438000000923762,-0.03398132065694351,-0.034380000023354465,-0.03438000003963303
EX_colipa_e_m,,-5.014492763718229e-13,,,5.032849410823947e-14,5.191125155033713e-13,0.0010013928033820998,-7.209250565774776e-12,1.2209230207983382e-12
EX_23dappa_e_m,,,-3.8092291619578266e-12,,,,-0.03400306608190692,-5.855903612696224e-11,
EX_pser__L_e_m,,,8.01001629732228e-13,6.075799126925441e-13,4.822090504832949e-13,1.2961964141953236e-12,0.002755158052485289,4.673488495574961e-12,2.1771168312633916e-11
EX_lyx__L_e_m,,,-4.2163070756918665e-12,,,,,,
EX_icit_e_m,,,9.972700910848616e-06,,,4.050074722014359e-11,3.51368418336315e-05,,0.00011284822120656512
EX_acser_e_m,,,,1.4001383745043472e-13,2.5238886784012743e-14,,,,
EX_gthox_e_m,,,,-0.03437999999977159,-0.03437999999991827,,,,
EX_minohp_e_m,,,,,,,-0.00015483719957875154,4.512709538203152e-12,1.6322677644334525e-12
EX_dxyl_e_m,,,,,,,-1.2918215882790413e-06,,
EX_gam6p_e_m,,,,,,,-0.0011652478653825073,,
EX_manglyc_e_m,,,,,,,-0.03028578316002435,,
EX_omclo_e_m,,,,,,,0.021545324193706684,6.805500527396413e-12,1.4662783070165222e-11
EX_omclr_e_m,,,,,,,-0.021545324193706684,-1.5084120420335203e-11,-1.3194326100465956e-11
EX_omcho_e_m,,,,,,,-0.012834682870634053,-1.0330878294987296e-11,-1.1021376467035684e-11
EX_omchr_e_m,,,,,,,0.012834682870634053,8.344690445862758e-13,1.1513863504483763e-11
EX_galctr__D_e_m,,,,,,,-0.030969344573380492,-0.0009838606842229294,-0.0018030130629770652
EX_bzalc_e_m,,,,,,,,,-2.4276397661525184e-14
EX_phenol_e_m,,,,,,,,,-3.1730682302867085e-13
